mca_recid,mca_refsite,mca_refd,site,year,img_fid,img_flink,day_c,img_c,grid_id,autoc
1,1,1,T1,10,110111,T110111.jpg,1,1,1,
2,2,2,T1,10,110121,T110121.jpg,1,1,2,
3,3,3,T1,10,110131,T110131.jpg,1,1,3,
4,4,4,T1,10,110141,T110141.jpg,1,1,4,
5,5,5,T1,10,110211,T110211.jpg,1,2,1,
6,6,6,T1,10,110221,T110221.jpg,1,2,2,
7,7,7,T1,10,110231,T110231.jpg,1,2,3,
8,8,8,T1,10,110241,T110241.jpg,1,2,4,
9,9,9,T1,10,110311,T110311.jpg,1,3,1,
10,10,10,T1,10,110321,T110321.jpg,1,3,2,
11,11,11,T1,10,110331,T110331.jpg,1,3,3,
12,12,12,T1,10,110341,T110341.jpg,1,3,4,
13,13,1,T1,10,110112,T110112.jpg,2,1,1,
14,14,2,T1,10,110122,T110122.jpg,2,1,2,
15,15,3,T1,10,110132,T110132.jpg,2,1,3,
16,16,4,T1,10,110142,T110142.jpg,2,1,4,
17,17,5,T1,10,110212,T110212.jpg,2,2,1,
18,18,6,T1,10,110222,T110222.jpg,2,2,2,
19,19,7,T1,10,110232,T110232.jpg,2,2,3,
20,20,8,T1,10,110242,T110242.jpg,2,2,4,
21,21,9,T1,10,110312,T110312.jpg,2,3,1,
22,22,10,T1,10,110322,T110322.jpg,2,3,2,
23,23,11,T1,10,110332,T110332.jpg,2,3,3,
24,24,12,T1,10,110342,T110342.jpg,2,3,4,
25,25,1,T1,10,110113,T110113.jpg,3,1,1,
26,26,2,T1,10,110123,T110123.jpg,3,1,2,
27,27,3,T1,10,110133,T110133.jpg,3,1,3,
28,28,4,T1,10,110143,T110143.jpg,3,1,4,
29,29,5,T1,10,110213,T110213.jpg,3,2,1,
30,30,6,T1,10,110223,T110223.jpg,3,2,2,
31,31,7,T1,10,110233,T110233.jpg,3,2,3,
32,32,8,T1,10,110243,T110243.jpg,3,2,4,
33,33,9,T1,10,110313,T110313.jpg,3,3,1,
34,34,10,T1,10,110323,T110323.jpg,3,3,2,
35,35,11,T1,10,110333,T110333.jpg,3,3,3,
36,36,12,T1,10,110343,T110343.jpg,3,3,4,
37,37,1,T1,10,110114,T110114.jpg,4,1,1,
38,38,2,T1,10,110124,T110124.jpg,4,1,2,
39,39,3,T1,10,110134,T110134.jpg,4,1,3,
40,40,4,T1,10,110144,T110144.jpg,4,1,4,
41,41,5,T1,10,110214,T110214.jpg,4,2,1,
42,42,6,T1,10,110224,T110224.jpg,4,2,2,
43,43,7,T1,10,110234,T110234.jpg,4,2,3,
44,44,8,T1,10,110244,T110244.jpg,4,2,4,
45,45,9,T1,10,110314,T110314.jpg,4,3,1,
46,46,10,T1,10,110324,T110324.jpg,4,3,2,
47,47,11,T1,10,110334,T110334.jpg,4,3,3,
48,48,12,T1,10,110344,T110344.jpg,4,3,4,
49,49,1,T1,10,110115,T110115.jpg,5,1,1,
50,50,2,T1,10,110125,T110125.jpg,5,1,2,
51,51,3,T1,10,110135,T110135.jpg,5,1,3,
52,52,4,T1,10,110145,T110145.jpg,5,1,4,
53,53,5,T1,10,110215,T110215.jpg,5,2,1,
54,54,6,T1,10,110225,T110225.jpg,5,2,2,
55,55,7,T1,10,110235,T110235.jpg,5,2,3,
56,56,8,T1,10,110245,T110245.jpg,5,2,4,
57,57,9,T1,10,110315,T110315.jpg,5,3,1,
58,58,10,T1,10,110325,T110325.jpg,5,3,2,
59,59,11,T1,10,110335,T110335.jpg,5,3,3,
60,60,12,T1,10,110346,T110346.jpg,6,3,4,
61,61,1,T1,10,110116,T110116.jpg,6,1,1,
62,62,2,T1,10,110126,T110126.jpg,6,1,2,
63,63,3,T1,10,110136,T110136.jpg,6,1,3,
64,64,4,T1,10,110146,T110146.jpg,6,1,4,
65,65,5,T1,10,110216,T110216.jpg,6,2,1,
66,66,6,T1,10,110226,T110226.jpg,6,2,2,
67,67,7,T1,10,110236,T110236.jpg,6,2,3,
68,68,8,T1,10,110246,T110246.jpg,6,2,4,
69,69,9,T1,10,110316,T110316.jpg,6,3,1,
70,70,10,T1,10,110326,T110326.jpg,6,3,2,
71,71,11,T1,10,110336,T110336.jpg,6,3,3,
72,72,12,T1,10,110346,T110346.jpg,6,3,4,
73,73,1,T1,10,110117,T110117.jpg,7,1,1,
74,74,2,T1,10,110127,T110127.jpg,7,1,2,
75,75,3,T1,10,110137,T110137.jpg,7,1,3,
76,76,4,T1,10,110147,T110147.jpg,7,1,4,
77,77,5,T1,10,110217,T110217.jpg,7,2,1,
78,78,6,T1,10,110227,T110227.jpg,7,2,2,
79,79,7,T1,10,110237,T110237.jpg,7,2,3,
80,80,8,T1,10,110247,T110247.jpg,7,2,4,
81,81,9,T1,10,110317,T110317.jpg,7,3,1,
82,82,10,T1,10,110327,T110327.jpg,7,3,2,
83,83,11,T1,10,110337,T110337.jpg,7,3,3,
84,84,12,T1,10,110347,T110347.jpg,7,3,4,
85,85,1,T1,10,110118,T110118.jpg,8,1,1,
86,86,2,T1,10,110128,T110128.jpg,8,1,2,
87,87,3,T1,10,110138,T110138.jpg,8,1,3,
88,88,4,T1,10,110148,T110148.jpg,8,1,4,
89,89,5,T1,10,110218,T110218.jpg,8,2,1,
90,90,6,T1,10,110228,T110228.jpg,8,2,2,
91,91,7,T1,10,110238,T110238.jpg,8,2,3,
92,92,8,T1,10,110248,T110248.jpg,8,2,4,
93,93,9,T1,10,110318,T110318.jpg,8,3,1,
94,94,10,T1,10,110328,T110328.jpg,8,3,2,
95,95,11,T1,10,110338,T110338.jpg,8,3,3,
96,96,12,T1,10,110348,T110348.jpg,8,3,4,
97,97,1,T1,10,110119,T110119.jpg,9,1,1,
98,98,2,T1,10,110129,T110129.jpg,9,1,2,
99,99,3,T1,10,110139,T110139.jpg,9,1,3,
100,100,4,T1,10,110149,T110149.jpg,9,1,4,
101,101,5,T1,10,110219,T110219.jpg,9,2,1,
102,102,6,T1,10,110229,T110229.jpg,9,2,2,
103,103,7,T1,10,110239,T110239.jpg,9,2,3,
104,104,8,T1,10,110249,T110249.jpg,9,2,4,
105,105,9,T1,10,110319,T110319.jpg,9,3,1,
106,106,10,T1,10,110329,T110329.jpg,9,3,2,
107,107,11,T1,10,110339,T110339.jpg,9,3,3,
108,108,12,T1,10,110349,T110349.jpg,9,3,4,
109,109,1,T1,10,1101110,T1101110.jpg,10,1,1,
110,110,2,T1,10,1101210,T1101210.jpg,10,1,2,
111,111,3,T1,10,1101310,T1101310.jpg,10,1,3,
112,112,4,T1,10,1101410,T1101410.jpg,10,1,4,
113,113,5,T1,10,1102110,T1102110.jpg,10,2,1,
114,114,6,T1,10,1102210,T1102210.jpg,10,2,2,
115,115,7,T1,10,1102310,T1102310.jpg,10,2,3,
116,116,8,T1,10,1102410,T1102410.jpg,10,2,4,
117,117,9,T1,10,1103110,T1103110.jpg,10,3,1,
118,118,10,T1,10,1103210,T1103210.jpg,10,3,2,
119,119,11,T1,10,1103310,T1103310.jpg,10,3,3,
120,120,12,T1,10,1103410,T1103410.jpg,10,3,4,
121,121,1,T1,10,1101111,T1101111.jpg,11,1,1,
122,122,2,T1,10,1101211,T1101211.jpg,11,1,2,
123,123,3,T1,10,1101311,T1101311.jpg,11,1,3,
124,124,4,T1,10,1101411,T1101411.jpg,11,1,4,
125,125,5,T1,10,1102111,T1102111.jpg,11,2,1,
126,126,6,T1,10,1102211,T1102211.jpg,11,2,2,
127,127,7,T1,10,1102311,T1102311.jpg,11,2,3,
128,128,8,T1,10,1102411,T1102411.jpg,11,2,4,
129,129,9,T1,10,1103111,T1103111.jpg,11,3,1,
130,130,10,T1,10,1103211,T1103211.jpg,11,3,2,
131,131,11,T1,10,1103311,T1103311.jpg,11,3,3,
132,132,12,T1,10,1103412,T1103412.jpg,12,3,4,
133,133,1,T1,10,1101112,T1101112.jpg,12,1,1,
134,134,2,T1,10,1101212,T1101212.jpg,12,1,2,
135,135,3,T1,10,1101312,T1101312.jpg,12,1,3,
136,136,4,T1,10,1101412,T1101412.jpg,12,1,4,
137,137,5,T1,10,1102112,T1102112.jpg,12,2,1,
138,138,6,T1,10,1102212,T1102212.jpg,12,2,2,
139,139,7,T1,10,1102312,T1102312.jpg,12,2,3,
140,140,8,T1,10,1102412,T1102412.jpg,12,2,4,
141,141,9,T1,10,1103112,T1103112.jpg,12,3,1,
142,142,10,T1,10,1103212,T1103212.jpg,12,3,2,
143,143,11,T1,10,1103312,T1103312.jpg,12,3,3,
144,144,12,T1,10,1103412,T1103412.jpg,12,3,4,
145,145,1,T1,10,1101113,T1101113.jpg,13,1,1,
146,146,2,T1,10,1101213,T1101213.jpg,13,1,2,
147,147,3,T1,10,1101313,T1101313.jpg,13,1,3,
148,148,4,T1,10,1101413,T1101413.jpg,13,1,4,
149,149,5,T1,10,1102113,T1102113.jpg,13,2,1,
150,150,6,T1,10,1102213,T1102213.jpg,13,2,2,
151,151,7,T1,10,1102313,T1102313.jpg,13,2,3,
152,152,8,T1,10,1102413,T1102413.jpg,13,2,4,
153,153,9,T1,10,1103113,T1103113.jpg,13,3,1,
154,154,10,T1,10,1103213,T1103213.jpg,13,3,2,
155,155,11,T1,10,1103313,T1103313.jpg,13,3,3,
156,156,12,T1,10,1103413,T1103413.jpg,13,3,4,
157,157,1,T1,10,1101114,T1101114.jpg,14,1,1,
158,158,2,T1,10,1101214,T1101214.jpg,14,1,2,
159,159,3,T1,10,1101314,T1101314.jpg,14,1,3,
160,160,4,T1,10,1101414,T1101414.jpg,14,1,4,
161,161,5,T1,10,1102114,T1102114.jpg,14,2,1,
162,162,6,T1,10,1102214,T1102214.jpg,14,2,2,
163,163,7,T1,10,1102314,T1102314.jpg,14,2,3,
164,164,8,T1,10,1102414,T1102414.jpg,14,2,4,
165,165,9,T1,10,1103114,T1103114.jpg,14,3,1,
166,166,10,T1,10,1103214,T1103214.jpg,14,3,2,
167,167,11,T1,10,1103314,T1103314.jpg,14,3,3,
168,168,12,T1,10,1103414,T1103414.jpg,14,3,4,
169,169,1,T1,10,1101115,T1101115.jpg,15,1,1,
170,170,2,T1,10,1101215,T1101215.jpg,15,1,2,
171,171,3,T1,10,1101315,T1101315.jpg,15,1,3,
172,172,4,T1,10,1101415,T1101415.jpg,15,1,4,
173,173,5,T1,10,1102115,T1102115.jpg,15,2,1,
174,174,6,T1,10,1102215,T1102215.jpg,15,2,2,
175,175,7,T1,10,1102315,T1102315.jpg,15,2,3,
176,176,8,T1,10,1102415,T1102415.jpg,15,2,4,
177,177,9,T1,10,1103115,T1103115.jpg,15,3,1,
178,178,10,T1,10,1103215,T1103215.jpg,15,3,2,
179,179,11,T1,10,1103315,T1103315.jpg,15,3,3,
180,180,12,T1,10,1103415,T1103415.jpg,15,3,4,
181,181,1,T1,10,1101116,T1101116.jpg,16,1,1,
182,182,2,T1,10,1101216,T1101216.jpg,16,1,2,
183,183,3,T1,10,1101316,T1101316.jpg,16,1,3,
184,184,4,T1,10,1101416,T1101416.jpg,16,1,4,
185,185,5,T1,10,1102116,T1102116.jpg,16,2,1,
186,186,6,T1,10,1102216,T1102216.jpg,16,2,2,
187,187,7,T1,10,1102316,T1102316.jpg,16,2,3,
188,188,8,T1,10,1102416,T1102416.jpg,16,2,4,
189,189,9,T1,10,1103116,T1103116.jpg,16,3,1,
190,190,10,T1,10,1103216,T1103216.jpg,16,3,2,
191,191,11,T1,10,1103316,T1103316.jpg,16,3,3,
192,192,12,T1,10,1103416,T1103416.jpg,16,3,4,
193,1,1,P2,10,210111,P210111.jpg,1,1,1,
194,2,2,P2,10,210121,P210121.jpg,1,1,2,
195,3,3,P2,10,210131,P210131.jpg,1,1,3,
196,4,4,P2,10,210141,P210141.jpg,1,1,4,
197,5,5,P2,10,210211,P210211.jpg,1,2,1,
198,6,6,P2,10,210221,P210221.jpg,1,2,2,
199,7,7,P2,10,210231,P210231.jpg,1,2,3,
200,8,8,P2,10,210241,P210241.jpg,1,2,4,
201,9,9,P2,10,210311,P210311.jpg,1,3,1,
202,10,10,P2,10,210321,P210321.jpg,1,3,2,
203,11,11,P2,10,210331,P210331.jpg,1,3,3,
204,12,12,P2,10,210341,P210341.jpg,1,3,4,
205,13,1,P2,10,210112,P210112.jpg,2,1,1,
206,14,2,P2,10,210122,P210122.jpg,2,1,2,
207,15,3,P2,10,210132,P210132.jpg,2,1,3,
208,16,4,P2,10,210142,P210142.jpg,2,1,4,
209,17,5,P2,10,210212,P210212.jpg,2,2,1,
210,18,6,P2,10,210222,P210222.jpg,2,2,2,
211,19,7,P2,10,210232,P210232.jpg,2,2,3,
212,20,8,P2,10,210242,P210242.jpg,2,2,4,
213,21,9,P2,10,210312,P210312.jpg,2,3,1,
214,22,10,P2,10,210322,P210322.jpg,2,3,2,
215,23,11,P2,10,210332,P210332.jpg,2,3,3,
216,24,12,P2,10,210342,P210342.jpg,2,3,4,
217,25,1,P2,10,210113,P210113.jpg,3,1,1,
218,26,2,P2,10,210123,P210123.jpg,3,1,2,
219,27,3,P2,10,210133,P210133.jpg,3,1,3,
220,28,4,P2,10,210143,P210143.jpg,3,1,4,
221,29,5,P2,10,210213,P210213.jpg,3,2,1,
222,30,6,P2,10,210223,P210223.jpg,3,2,2,
223,31,7,P2,10,210233,P210233.jpg,3,2,3,
224,32,8,P2,10,210243,P210243.jpg,3,2,4,
225,33,9,P2,10,210313,P210313.jpg,3,3,1,
226,34,10,P2,10,210323,P210323.jpg,3,3,2,
227,35,11,P2,10,210333,P210333.jpg,3,3,3,
228,36,12,P2,10,210343,P210343.jpg,3,3,4,
229,37,1,P2,10,210114,P210114.jpg,4,1,1,
230,38,2,P2,10,210124,P210124.jpg,4,1,2,
231,39,3,P2,10,210134,P210134.jpg,4,1,3,
232,40,4,P2,10,210144,P210144.jpg,4,1,4,
233,41,5,P2,10,210214,P210214.jpg,4,2,1,
234,42,6,P2,10,210224,P210224.jpg,4,2,2,
235,43,7,P2,10,210234,P210234.jpg,4,2,3,
236,44,8,P2,10,210244,P210244.jpg,4,2,4,
237,45,9,P2,10,210314,P210314.jpg,4,3,1,
238,46,10,P2,10,210324,P210324.jpg,4,3,2,
239,47,11,P2,10,210334,P210334.jpg,4,3,3,
240,48,12,P2,10,210344,P210344.jpg,4,3,4,
241,49,1,P2,10,210115,P210115.jpg,5,1,1,
242,50,2,P2,10,210125,P210125.jpg,5,1,2,
243,51,3,P2,10,210135,P210135.jpg,5,1,3,
244,52,4,P2,10,210145,P210145.jpg,5,1,4,
245,53,5,P2,10,210215,P210215.jpg,5,2,1,
246,54,6,P2,10,210225,P210225.jpg,5,2,2,
247,55,7,P2,10,210235,P210235.jpg,5,2,3,
248,56,8,P2,10,210245,P210245.jpg,5,2,4,
249,57,9,P2,10,210315,P210315.jpg,5,3,1,
250,58,10,P2,10,210325,P210325.jpg,5,3,2,
251,59,11,P2,10,210335,P210335.jpg,5,3,3,
252,60,12,P2,10,210346,P210346.jpg,6,3,4,
253,61,1,P2,10,210116,P210116.jpg,6,1,1,
254,62,2,P2,10,210126,P210126.jpg,6,1,2,
255,63,3,P2,10,210136,P210136.jpg,6,1,3,
256,64,4,P2,10,210146,P210146.jpg,6,1,4,
257,65,5,P2,10,210216,P210216.jpg,6,2,1,
258,66,6,P2,10,210226,P210226.jpg,6,2,2,
259,67,7,P2,10,210236,P210236.jpg,6,2,3,
260,68,8,P2,10,210246,P210246.jpg,6,2,4,
261,69,9,P2,10,210316,P210316.jpg,6,3,1,
262,70,10,P2,10,210326,P210326.jpg,6,3,2,
263,71,11,P2,10,210336,P210336.jpg,6,3,3,
264,72,12,P2,10,210346,P210346.jpg,6,3,4,
265,73,1,P2,10,210117,P210117.jpg,7,1,1,
266,74,2,P2,10,210127,P210127.jpg,7,1,2,
267,75,3,P2,10,210137,P210137.jpg,7,1,3,
268,76,4,P2,10,210147,P210147.jpg,7,1,4,
269,77,5,P2,10,210217,P210217.jpg,7,2,1,
270,78,6,P2,10,210227,P210227.jpg,7,2,2,
271,79,7,P2,10,210237,P210237.jpg,7,2,3,
272,80,8,P2,10,210247,P210247.jpg,7,2,4,
273,81,9,P2,10,210317,P210317.jpg,7,3,1,
274,82,10,P2,10,210327,P210327.jpg,7,3,2,
275,83,11,P2,10,210337,P210337.jpg,7,3,3,
276,84,12,P2,10,210347,P210347.jpg,7,3,4,
277,85,1,P2,10,210118,P210118.jpg,8,1,1,
278,86,2,P2,10,210128,P210128.jpg,8,1,2,
279,87,3,P2,10,210138,P210138.jpg,8,1,3,
280,88,4,P2,10,210148,P210148.jpg,8,1,4,
281,89,5,P2,10,210218,P210218.jpg,8,2,1,
282,90,6,P2,10,210228,P210228.jpg,8,2,2,
283,91,7,P2,10,210238,P210238.jpg,8,2,3,
284,92,8,P2,10,210248,P210248.jpg,8,2,4,
285,93,9,P2,10,210318,P210318.jpg,8,3,1,
286,94,10,P2,10,210328,P210328.jpg,8,3,2,
287,95,11,P2,10,210338,P210338.jpg,8,3,3,
288,96,12,P2,10,210348,P210348.jpg,8,3,4,
289,97,1,P2,10,210119,P210119.jpg,9,1,1,
290,98,2,P2,10,210129,P210129.jpg,9,1,2,
291,99,3,P2,10,210139,P210139.jpg,9,1,3,
292,100,4,P2,10,210149,P210149.jpg,9,1,4,
293,101,5,P2,10,210219,P210219.jpg,9,2,1,
294,102,6,P2,10,210229,P210229.jpg,9,2,2,
295,103,7,P2,10,210239,P210239.jpg,9,2,3,
296,104,8,P2,10,210249,P210249.jpg,9,2,4,
297,105,9,P2,10,210319,P210319.jpg,9,3,1,
298,106,10,P2,10,210329,P210329.jpg,9,3,2,
299,107,11,P2,10,210339,P210339.jpg,9,3,3,
300,108,12,P2,10,210349,P210349.jpg,9,3,4,
301,109,1,P2,10,2101110,P2101110.jpg,10,1,1,
302,110,2,P2,10,2101210,P2101210.jpg,10,1,2,
303,111,3,P2,10,2101310,P2101310.jpg,10,1,3,
304,112,4,P2,10,2101410,P2101410.jpg,10,1,4,
305,113,5,P2,10,2102110,P2102110.jpg,10,2,1,
306,114,6,P2,10,2102210,P2102210.jpg,10,2,2,
307,115,7,P2,10,2102310,P2102310.jpg,10,2,3,
308,116,8,P2,10,2102410,P2102410.jpg,10,2,4,
309,117,9,P2,10,2103110,P2103110.jpg,10,3,1,
310,118,10,P2,10,2103210,P2103210.jpg,10,3,2,
311,119,11,P2,10,2103310,P2103310.jpg,10,3,3,
312,120,12,P2,10,2103410,P2103410.jpg,10,3,4,
313,121,1,P2,10,2101111,P2101111.jpg,11,1,1,
314,122,2,P2,10,2101211,P2101211.jpg,11,1,2,
315,123,3,P2,10,2101311,P2101311.jpg,11,1,3,
316,124,4,P2,10,2101411,P2101411.jpg,11,1,4,
317,125,5,P2,10,2102111,P2102111.jpg,11,2,1,
318,126,6,P2,10,2102211,P2102211.jpg,11,2,2,
319,127,7,P2,10,2102311,P2102311.jpg,11,2,3,
320,128,8,P2,10,2102411,P2102411.jpg,11,2,4,
321,129,9,P2,10,2103111,P2103111.jpg,11,3,1,
322,130,10,P2,10,2103211,P2103211.jpg,11,3,2,
323,131,11,P2,10,2103311,P2103311.jpg,11,3,3,
324,132,12,P2,10,2103411,P2103411.jpg,11,3,4,
325,133,1,P2,10,2101112,P2101112.jpg,12,1,1,
326,134,2,P2,10,2101212,P2101212.jpg,12,1,2,
327,135,3,P2,10,2101312,P2101312.jpg,12,1,3,
328,136,4,P2,10,2101412,P2101412.jpg,12,1,4,
329,137,5,P2,10,2102112,P2102112.jpg,12,2,1,
330,138,6,P2,10,2102212,P2102212.jpg,12,2,2,
331,139,7,P2,10,2102312,P2102312.jpg,12,2,3,
332,140,8,P2,10,2102412,P2102412.jpg,12,2,4,
333,141,9,P2,10,2103112,P2103112.jpg,12,3,1,
334,142,10,P2,10,2103212,P2103212.jpg,12,3,2,
335,143,11,P2,10,2103312,P2103312.jpg,12,3,3,
336,144,12,P2,10,2103413,P2103413.jpg,13,3,4,
337,145,1,P2,10,2101113,P2101113.jpg,13,1,1,
338,146,2,P2,10,2101213,P2101213.jpg,13,1,2,
339,147,3,P2,10,2101313,P2101313.jpg,13,1,3,
340,148,4,P2,10,2101413,P2101413.jpg,13,1,4,
341,149,5,P2,10,2102113,P2102113.jpg,13,2,1,
342,150,6,P2,10,2102213,P2102213.jpg,13,2,2,
343,151,7,P2,10,2102313,P2102313.jpg,13,2,3,
344,152,8,P2,10,2102413,P2102413.jpg,13,2,4,
345,153,9,P2,10,2103113,P2103113.jpg,13,3,1,
346,154,10,P2,10,2103213,P2103213.jpg,13,3,2,
347,155,11,P2,10,2103313,P2103313.jpg,13,3,3,
348,156,12,P2,10,2103413,P2103413.jpg,13,3,4,
349,157,1,P2,10,2101114,P2101114.jpg,14,1,1,
350,158,2,P2,10,2101214,P2101214.jpg,14,1,2,
351,159,3,P2,10,2101314,P2101314.jpg,14,1,3,
352,160,4,P2,10,2101414,P2101414.jpg,14,1,4,
353,161,5,P2,10,2102114,P2102114.jpg,14,2,1,
354,162,6,P2,10,2102214,P2102214.jpg,14,2,2,
355,163,7,P2,10,2102314,P2102314.jpg,14,2,3,
356,164,8,P2,10,2102414,P2102414.jpg,14,2,4,
357,165,9,P2,10,2103114,P2103114.jpg,14,3,1,
358,166,10,P2,10,2103214,P2103214.jpg,14,3,2,
359,167,11,P2,10,2103314,P2103314.jpg,14,3,3,
360,168,12,P2,10,2103414,P2103414.jpg,14,3,4,
361,169,1,P2,10,2101115,P2101115.jpg,15,1,1,
362,170,2,P2,10,2101215,P2101215.jpg,15,1,2,
363,171,3,P2,10,2101315,P2101315.jpg,15,1,3,
364,172,4,P2,10,2101415,P2101415.jpg,15,1,4,
365,173,5,P2,10,2102115,P2102115.jpg,15,2,1,
366,174,6,P2,10,2102215,P2102215.jpg,15,2,2,
367,175,7,P2,10,2102315,P2102315.jpg,15,2,3,
368,176,8,P2,10,2102415,P2102415.jpg,15,2,4,
369,177,9,P2,10,2103115,P2103115.jpg,15,3,1,
370,178,10,P2,10,2103215,P2103215.jpg,15,3,2,
371,179,11,P2,10,2103315,P2103315.jpg,15,3,3,
372,180,12,P2,10,2103415,P2103415.jpg,15,3,4,
373,181,1,P2,10,2101116,P2101116.jpg,16,1,1,
374,182,2,P2,10,2101216,P2101216.jpg,16,1,2,
375,183,3,P2,10,2101316,P2101316.jpg,16,1,3,
376,184,4,P2,10,2101416,P2101416.jpg,16,1,4,
377,185,5,P2,10,2102116,P2102116.jpg,16,2,1,
378,186,6,P2,10,2102216,P2102216.jpg,16,2,2,
379,187,7,P2,10,2102316,P2102316.jpg,16,2,3,
380,188,8,P2,10,2102416,P2102416.jpg,16,2,4,
381,189,9,P2,10,2103116,P2103116.jpg,16,3,1,
382,190,10,P2,10,2103216,P2103216.jpg,16,3,2,
383,191,11,P2,10,2103316,P2103316.jpg,16,3,3,
384,192,12,P2,10,2103416,P2103416.jpg,16,3,4,
385,1,1,T1,11,111111,T111111.jpg,1,1,1,
386,2,2,T1,11,111121,T111121.jpg,1,1,2,
387,3,3,T1,11,111131,T111131.jpg,1,1,3,
388,4,4,T1,11,111141,T111141.jpg,1,1,4,
389,5,5,T1,11,111211,T111211.jpg,1,2,1,
390,6,6,T1,11,111221,T111221.jpg,1,2,2,
391,7,7,T1,11,111231,T111231.jpg,1,2,3,
392,8,8,T1,11,111241,T111241.jpg,1,2,4,
393,9,9,T1,11,111311,T111311.jpg,1,3,1,
394,10,10,T1,11,111321,T111321.jpg,1,3,2,
395,11,11,T1,11,111331,T111331.jpg,1,3,3,
396,12,12,T1,11,111341,T111341.jpg,1,3,4,
397,13,1,T1,11,111112,T111112.jpg,2,1,1,
398,14,2,T1,11,111122,T111122.jpg,2,1,2,
399,15,3,T1,11,111132,T111132.jpg,2,1,3,
400,16,4,T1,11,111142,T111142.jpg,2,1,4,
401,17,5,T1,11,111212,T111212.jpg,2,2,1,
402,18,6,T1,11,111222,T111222.jpg,2,2,2,
403,19,7,T1,11,111232,T111232.jpg,2,2,3,
404,20,8,T1,11,111242,T111242.jpg,2,2,4,
405,21,9,T1,11,111312,T111312.jpg,2,3,1,
406,22,10,T1,11,111322,T111322.jpg,2,3,2,
407,23,11,T1,11,111332,T111332.jpg,2,3,3,
408,24,12,T1,11,111342,T111342.jpg,2,3,4,
409,25,1,T1,11,111113,T111113.jpg,3,1,1,
410,26,2,T1,11,111123,T111123.jpg,3,1,2,
411,27,3,T1,11,111133,T111133.jpg,3,1,3,
412,28,4,T1,11,111143,T111143.jpg,3,1,4,
413,29,5,T1,11,111213,T111213.jpg,3,2,1,
414,30,6,T1,11,111223,T111223.jpg,3,2,2,
415,31,7,T1,11,111233,T111233.jpg,3,2,3,
416,32,8,T1,11,111243,T111243.jpg,3,2,4,
417,33,9,T1,11,111313,T111313.jpg,3,3,1,
418,34,10,T1,11,111323,T111323.jpg,3,3,2,
419,35,11,T1,11,111333,T111333.jpg,3,3,3,
420,36,12,T1,11,111343,T111343.jpg,3,3,4,
421,37,1,T1,11,111114,T111114.jpg,4,1,1,
422,38,2,T1,11,111124,T111124.jpg,4,1,2,
423,39,3,T1,11,111134,T111134.jpg,4,1,3,
424,40,4,T1,11,111144,T111144.jpg,4,1,4,
425,41,5,T1,11,111214,T111214.jpg,4,2,1,
426,42,6,T1,11,111224,T111224.jpg,4,2,2,
427,43,7,T1,11,111234,T111234.jpg,4,2,3,
428,44,8,T1,11,111244,T111244.jpg,4,2,4,
429,45,9,T1,11,111314,T111314.jpg,4,3,1,
430,46,10,T1,11,111324,T111324.jpg,4,3,2,
431,47,11,T1,11,111334,T111334.jpg,4,3,3,
432,48,12,T1,11,111344,T111344.jpg,4,3,4,
433,49,1,T1,11,111115,T111115.jpg,5,1,1,
434,50,2,T1,11,111125,T111125.jpg,5,1,2,
435,51,3,T1,11,111135,T111135.jpg,5,1,3,
436,52,4,T1,11,111145,T111145.jpg,5,1,4,
437,53,5,T1,11,111215,T111215.jpg,5,2,1,
438,54,6,T1,11,111225,T111225.jpg,5,2,2,
439,55,7,T1,11,111235,T111235.jpg,5,2,3,
440,56,8,T1,11,111245,T111245.jpg,5,2,4,
441,57,9,T1,11,111315,T111315.jpg,5,3,1,
442,58,10,T1,11,111325,T111325.jpg,5,3,2,
443,59,11,T1,11,111335,T111335.jpg,5,3,3,
444,60,12,T1,11,111346,T111346.jpg,6,3,4,
445,61,1,T1,11,111116,T111116.jpg,6,1,1,
446,62,2,T1,11,111126,T111126.jpg,6,1,2,
447,63,3,T1,11,111136,T111136.jpg,6,1,3,
448,64,4,T1,11,111146,T111146.jpg,6,1,4,
449,65,5,T1,11,111216,T111216.jpg,6,2,1,
450,66,6,T1,11,111226,T111226.jpg,6,2,2,
451,67,7,T1,11,111236,T111236.jpg,6,2,3,
452,68,8,T1,11,111246,T111246.jpg,6,2,4,
453,69,9,T1,11,111316,T111316.jpg,6,3,1,
454,70,10,T1,11,111326,T111326.jpg,6,3,2,
455,71,11,T1,11,111336,T111336.jpg,6,3,3,
456,72,12,T1,11,111346,T111346.jpg,6,3,4,
457,73,1,T1,11,111117,T111117.jpg,7,1,1,
458,74,2,T1,11,111127,T111127.jpg,7,1,2,
459,75,3,T1,11,111137,T111137.jpg,7,1,3,
460,76,4,T1,11,111147,T111147.jpg,7,1,4,
461,77,5,T1,11,111217,T111217.jpg,7,2,1,
462,78,6,T1,11,111227,T111227.jpg,7,2,2,
463,79,7,T1,11,111237,T111237.jpg,7,2,3,
464,80,8,T1,11,111247,T111247.jpg,7,2,4,
465,81,9,T1,11,111317,T111317.jpg,7,3,1,
466,82,10,T1,11,111327,T111327.jpg,7,3,2,
467,83,11,T1,11,111337,T111337.jpg,7,3,3,
468,84,12,T1,11,111347,T111347.jpg,7,3,4,
469,85,1,T1,11,111118,T111118.jpg,8,1,1,
470,86,2,T1,11,111128,T111128.jpg,8,1,2,
471,87,3,T1,11,111138,T111138.jpg,8,1,3,
472,88,4,T1,11,111148,T111148.jpg,8,1,4,
473,89,5,T1,11,111218,T111218.jpg,8,2,1,
474,90,6,T1,11,111228,T111228.jpg,8,2,2,
475,91,7,T1,11,111238,T111238.jpg,8,2,3,
476,92,8,T1,11,111248,T111248.jpg,8,2,4,
477,93,9,T1,11,111318,T111318.jpg,8,3,1,
478,94,10,T1,11,111328,T111328.jpg,8,3,2,
479,95,11,T1,11,111338,T111338.jpg,8,3,3,
480,96,12,T1,11,111348,T111348.jpg,8,3,4,
481,97,1,T1,11,111119,T111119.jpg,9,1,1,
482,98,2,T1,11,111129,T111129.jpg,9,1,2,
483,99,3,T1,11,111139,T111139.jpg,9,1,3,
484,100,4,T1,11,111149,T111149.jpg,9,1,4,
485,101,5,T1,11,111219,T111219.jpg,9,2,1,
486,102,6,T1,11,111229,T111229.jpg,9,2,2,
487,103,7,T1,11,111239,T111239.jpg,9,2,3,
488,104,8,T1,11,111249,T111249.jpg,9,2,4,
489,105,9,T1,11,111319,T111319.jpg,9,3,1,
490,106,10,T1,11,111329,T111329.jpg,9,3,2,
491,107,11,T1,11,111339,T111339.jpg,9,3,3,
492,108,12,T1,11,111349,T111349.jpg,9,3,4,
493,109,1,T1,11,1111110,T1111110.jpg,10,1,1,
494,110,2,T1,11,1111210,T1111210.jpg,10,1,2,
495,111,3,T1,11,1111310,T1111310.jpg,10,1,3,
496,112,4,T1,11,1111410,T1111410.jpg,10,1,4,
497,113,5,T1,11,1112110,T1112110.jpg,10,2,1,
498,114,6,T1,11,1112210,T1112210.jpg,10,2,2,
499,115,7,T1,11,1112310,T1112310.jpg,10,2,3,
500,116,8,T1,11,1112410,T1112410.jpg,10,2,4,
501,117,9,T1,11,1113110,T1113110.jpg,10,3,1,
502,118,10,T1,11,1113210,T1113210.jpg,10,3,2,
503,119,11,T1,11,1113310,T1113310.jpg,10,3,3,
504,120,12,T1,11,1113410,T1113410.jpg,10,3,4,
505,121,1,T1,11,1111111,T1111111.jpg,11,1,1,
506,122,2,T1,11,1111211,T1111211.jpg,11,1,2,
507,123,3,T1,11,1111311,T1111311.jpg,11,1,3,
508,124,4,T1,11,1111411,T1111411.jpg,11,1,4,
509,125,5,T1,11,1112111,T1112111.jpg,11,2,1,
510,126,6,T1,11,1112211,T1112211.jpg,11,2,2,
511,127,7,T1,11,1112311,T1112311.jpg,11,2,3,
512,128,8,T1,11,1112411,T1112411.jpg,11,2,4,
513,129,9,T1,11,1113111,T1113111.jpg,11,3,1,
514,130,10,T1,11,1113211,T1113211.jpg,11,3,2,
515,131,11,T1,11,1113311,T1113311.jpg,11,3,3,
516,132,12,T1,11,1113412,T1113412.jpg,12,3,4,
517,133,1,T1,11,1111112,T1111112.jpg,12,1,1,
518,134,2,T1,11,1111212,T1111212.jpg,12,1,2,
519,135,3,T1,11,1111312,T1111312.jpg,12,1,3,
520,136,4,T1,11,1111412,T1111412.jpg,12,1,4,
521,137,5,T1,11,1112112,T1112112.jpg,12,2,1,
522,138,6,T1,11,1112212,T1112212.jpg,12,2,2,
523,139,7,T1,11,1112312,T1112312.jpg,12,2,3,
524,140,8,T1,11,1112412,T1112412.jpg,12,2,4,
525,141,9,T1,11,1113112,T1113112.jpg,12,3,1,
526,142,10,T1,11,1113212,T1113212.jpg,12,3,2,
527,143,11,T1,11,1113312,T1113312.jpg,12,3,3,
528,144,12,T1,11,1113412,T1113412.jpg,12,3,4,
529,145,1,T1,11,1111113,T1111113.jpg,13,1,1,
530,146,2,T1,11,1111213,T1111213.jpg,13,1,2,
531,147,3,T1,11,1111313,T1111313.jpg,13,1,3,
532,148,4,T1,11,1111413,T1111413.jpg,13,1,4,
533,149,5,T1,11,1112113,T1112113.jpg,13,2,1,
534,150,6,T1,11,1112213,T1112213.jpg,13,2,2,
535,151,7,T1,11,1112313,T1112313.jpg,13,2,3,
536,152,8,T1,11,1112413,T1112413.jpg,13,2,4,
537,153,9,T1,11,1113113,T1113113.jpg,13,3,1,
538,154,10,T1,11,1113213,T1113213.jpg,13,3,2,
539,155,11,T1,11,1113313,T1113313.jpg,13,3,3,
540,156,12,T1,11,1113413,T1113413.jpg,13,3,4,
541,157,1,T1,11,1111114,T1111114.jpg,14,1,1,
542,158,2,T1,11,1111214,T1111214.jpg,14,1,2,
543,159,3,T1,11,1111314,T1111314.jpg,14,1,3,
544,160,4,T1,11,1111414,T1111414.jpg,14,1,4,
545,161,5,T1,11,1112114,T1112114.jpg,14,2,1,
546,162,6,T1,11,1112214,T1112214.jpg,14,2,2,
547,163,7,T1,11,1112314,T1112314.jpg,14,2,3,
548,164,8,T1,11,1112414,T1112414.jpg,14,2,4,
549,165,9,T1,11,1113114,T1113114.jpg,14,3,1,
550,166,10,T1,11,1113214,T1113214.jpg,14,3,2,
551,167,11,T1,11,1113314,T1113314.jpg,14,3,3,
552,168,12,T1,11,1113414,T1113414.jpg,14,3,4,
553,169,1,T1,11,1111115,T1111115.jpg,15,1,1,
554,170,2,T1,11,1111215,T1111215.jpg,15,1,2,
555,171,3,T1,11,1111315,T1111315.jpg,15,1,3,
556,172,4,T1,11,1111415,T1111415.jpg,15,1,4,
557,173,5,T1,11,1112115,T1112115.jpg,15,2,1,
558,174,6,T1,11,1112215,T1112215.jpg,15,2,2,
559,175,7,T1,11,1112315,T1112315.jpg,15,2,3,
560,176,8,T1,11,1112415,T1112415.jpg,15,2,4,
561,177,9,T1,11,1113115,T1113115.jpg,15,3,1,
562,178,10,T1,11,1113215,T1113215.jpg,15,3,2,
563,179,11,T1,11,1113315,T1113315.jpg,15,3,3,
564,180,12,T1,11,1113415,T1113415.jpg,15,3,4,
565,181,1,T1,11,1111116,T1111116.jpg,16,1,1,
566,182,2,T1,11,1111216,T1111216.jpg,16,1,2,
567,183,3,T1,11,1111316,T1111316.jpg,16,1,3,
568,184,4,T1,11,1111416,T1111416.jpg,16,1,4,
569,185,5,T1,11,1112116,T1112116.jpg,16,2,1,
570,186,6,T1,11,1112216,T1112216.jpg,16,2,2,
571,187,7,T1,11,1112316,T1112316.jpg,16,2,3,
572,188,8,T1,11,1112416,T1112416.jpg,16,2,4,
573,189,9,T1,11,1113116,T1113116.jpg,16,3,1,
574,190,10,T1,11,1113216,T1113216.jpg,16,3,2,
575,191,11,T1,11,1113316,T1113316.jpg,16,3,3,
576,192,12,T1,11,1113416,T1113416.jpg,16,3,4,
577,1,1,P2,11,211111,P211111.jpg,1,1,1,
578,2,2,P2,11,211121,P211121.jpg,1,1,2,
579,3,3,P2,11,211131,P211131.jpg,1,1,3,
580,4,4,P2,11,211141,P211141.jpg,1,1,4,
581,5,5,P2,11,211211,P211211.jpg,1,2,1,
582,6,6,P2,11,211221,P211221.jpg,1,2,2,
583,7,7,P2,11,211231,P211231.jpg,1,2,3,
584,8,8,P2,11,211241,P211241.jpg,1,2,4,
585,9,9,P2,11,211311,P211311.jpg,1,3,1,
586,10,10,P2,11,211321,P211321.jpg,1,3,2,
587,11,11,P2,11,211331,P211331.jpg,1,3,3,
588,12,12,P2,11,211341,P211341.jpg,1,3,4,
589,13,1,P2,11,211112,P211112.jpg,2,1,1,
590,14,2,P2,11,211122,P211122.jpg,2,1,2,
591,15,3,P2,11,211132,P211132.jpg,2,1,3,
592,16,4,P2,11,211142,P211142.jpg,2,1,4,
593,17,5,P2,11,211212,P211212.jpg,2,2,1,
594,18,6,P2,11,211222,P211222.jpg,2,2,2,
595,19,7,P2,11,211232,P211232.jpg,2,2,3,
596,20,8,P2,11,211242,P211242.jpg,2,2,4,
597,21,9,P2,11,211312,P211312.jpg,2,3,1,
598,22,10,P2,11,211322,P211322.jpg,2,3,2,
599,23,11,P2,11,211332,P211332.jpg,2,3,3,
600,24,12,P2,11,211342,P211342.jpg,2,3,4,
601,25,1,P2,11,211113,P211113.jpg,3,1,1,
602,26,2,P2,11,211123,P211123.jpg,3,1,2,
603,27,3,P2,11,211133,P211133.jpg,3,1,3,
604,28,4,P2,11,211143,P211143.jpg,3,1,4,
605,29,5,P2,11,211213,P211213.jpg,3,2,1,
606,30,6,P2,11,211223,P211223.jpg,3,2,2,
607,31,7,P2,11,211233,P211233.jpg,3,2,3,
608,32,8,P2,11,211243,P211243.jpg,3,2,4,
609,33,9,P2,11,211313,P211313.jpg,3,3,1,
610,34,10,P2,11,211323,P211323.jpg,3,3,2,
611,35,11,P2,11,211333,P211333.jpg,3,3,3,
612,36,12,P2,11,211343,P211343.jpg,3,3,4,
613,37,1,P2,11,211114,P211114.jpg,4,1,1,
614,38,2,P2,11,211124,P211124.jpg,4,1,2,
615,39,3,P2,11,211134,P211134.jpg,4,1,3,
616,40,4,P2,11,211144,P211144.jpg,4,1,4,
617,41,5,P2,11,211214,P211214.jpg,4,2,1,
618,42,6,P2,11,211224,P211224.jpg,4,2,2,
619,43,7,P2,11,211234,P211234.jpg,4,2,3,
620,44,8,P2,11,211244,P211244.jpg,4,2,4,
621,45,9,P2,11,211314,P211314.jpg,4,3,1,
622,46,10,P2,11,211324,P211324.jpg,4,3,2,
623,47,11,P2,11,211334,P211334.jpg,4,3,3,
624,48,12,P2,11,211344,P211344.jpg,4,3,4,
625,49,1,P2,11,211115,P211115.jpg,5,1,1,
626,50,2,P2,11,211125,P211125.jpg,5,1,2,
627,51,3,P2,11,211135,P211135.jpg,5,1,3,
628,52,4,P2,11,211145,P211145.jpg,5,1,4,
629,53,5,P2,11,211215,P211215.jpg,5,2,1,
630,54,6,P2,11,211225,P211225.jpg,5,2,2,
631,55,7,P2,11,211235,P211235.jpg,5,2,3,
632,56,8,P2,11,211245,P211245.jpg,5,2,4,
633,57,9,P2,11,211315,P211315.jpg,5,3,1,
634,58,10,P2,11,211325,P211325.jpg,5,3,2,
635,59,11,P2,11,211335,P211335.jpg,5,3,3,
636,60,12,P2,11,211346,P211346.jpg,6,3,4,
637,61,1,P2,11,211116,P211116.jpg,6,1,1,
638,62,2,P2,11,211126,P211126.jpg,6,1,2,
639,63,3,P2,11,211136,P211136.jpg,6,1,3,
640,64,4,P2,11,211146,P211146.jpg,6,1,4,
641,65,5,P2,11,211216,P211216.jpg,6,2,1,
642,66,6,P2,11,211226,P211226.jpg,6,2,2,
643,67,7,P2,11,211236,P211236.jpg,6,2,3,
644,68,8,P2,11,211246,P211246.jpg,6,2,4,
645,69,9,P2,11,211316,P211316.jpg,6,3,1,
646,70,10,P2,11,211326,P211326.jpg,6,3,2,
647,71,11,P2,11,211336,P211336.jpg,6,3,3,
648,72,12,P2,11,211346,P211346.jpg,6,3,4,
649,73,1,P2,11,211117,P211117.jpg,7,1,1,
650,74,2,P2,11,211127,P211127.jpg,7,1,2,
651,75,3,P2,11,211137,P211137.jpg,7,1,3,
652,76,4,P2,11,211147,P211147.jpg,7,1,4,
653,77,5,P2,11,211217,P211217.jpg,7,2,1,
654,78,6,P2,11,211227,P211227.jpg,7,2,2,
655,79,7,P2,11,211237,P211237.jpg,7,2,3,
656,80,8,P2,11,211247,P211247.jpg,7,2,4,
657,81,9,P2,11,211317,P211317.jpg,7,3,1,
658,82,10,P2,11,211327,P211327.jpg,7,3,2,
659,83,11,P2,11,211337,P211337.jpg,7,3,3,
660,84,12,P2,11,211347,P211347.jpg,7,3,4,
661,85,1,P2,11,211118,P211118.jpg,8,1,1,
662,86,2,P2,11,211128,P211128.jpg,8,1,2,
663,87,3,P2,11,211138,P211138.jpg,8,1,3,
664,88,4,P2,11,211148,P211148.jpg,8,1,4,
665,89,5,P2,11,211218,P211218.jpg,8,2,1,
666,90,6,P2,11,211228,P211228.jpg,8,2,2,
667,91,7,P2,11,211238,P211238.jpg,8,2,3,
668,92,8,P2,11,211248,P211248.jpg,8,2,4,
669,93,9,P2,11,211318,P211318.jpg,8,3,1,
670,94,10,P2,11,211328,P211328.jpg,8,3,2,
671,95,11,P2,11,211338,P211338.jpg,8,3,3,
672,96,12,P2,11,211348,P211348.jpg,8,3,4,
673,97,1,P2,11,211119,P211119.jpg,9,1,1,
674,98,2,P2,11,211129,P211129.jpg,9,1,2,
675,99,3,P2,11,211139,P211139.jpg,9,1,3,
676,100,4,P2,11,211149,P211149.jpg,9,1,4,
677,101,5,P2,11,211219,P211219.jpg,9,2,1,
678,102,6,P2,11,211229,P211229.jpg,9,2,2,
679,103,7,P2,11,211239,P211239.jpg,9,2,3,
680,104,8,P2,11,211249,P211249.jpg,9,2,4,
681,105,9,P2,11,211319,P211319.jpg,9,3,1,
682,106,10,P2,11,211329,P211329.jpg,9,3,2,
683,107,11,P2,11,211339,P211339.jpg,9,3,3,
684,108,12,P2,11,211349,P211349.jpg,9,3,4,
685,109,1,P2,11,2111110,P2111110.jpg,10,1,1,
686,110,2,P2,11,2111210,P2111210.jpg,10,1,2,
687,111,3,P2,11,2111310,P2111310.jpg,10,1,3,
688,112,4,P2,11,2111410,P2111410.jpg,10,1,4,
689,113,5,P2,11,2112110,P2112110.jpg,10,2,1,
690,114,6,P2,11,2112210,P2112210.jpg,10,2,2,
691,115,7,P2,11,2112310,P2112310.jpg,10,2,3,
692,116,8,P2,11,2112410,P2112410.jpg,10,2,4,
693,117,9,P2,11,2113110,P2113110.jpg,10,3,1,
694,118,10,P2,11,2113210,P2113210.jpg,10,3,2,
695,119,11,P2,11,2113310,P2113310.jpg,10,3,3,
696,120,12,P2,11,2113410,P2113410.jpg,10,3,4,
697,121,1,P2,11,2111111,P2111111.jpg,11,1,1,
698,122,2,P2,11,2111211,P2111211.jpg,11,1,2,
699,123,3,P2,11,2111311,P2111311.jpg,11,1,3,
700,124,4,P2,11,2111411,P2111411.jpg,11,1,4,
701,125,5,P2,11,2112111,P2112111.jpg,11,2,1,
702,126,6,P2,11,2112211,P2112211.jpg,11,2,2,
703,127,7,P2,11,2112311,P2112311.jpg,11,2,3,
704,128,8,P2,11,2112411,P2112411.jpg,11,2,4,
705,129,9,P2,11,2113111,P2113111.jpg,11,3,1,
706,130,10,P2,11,2113211,P2113211.jpg,11,3,2,
707,131,11,P2,11,2113311,P2113311.jpg,11,3,3,
708,132,12,P2,11,2113411,P2113411.jpg,11,3,4,
709,133,1,P2,11,2111112,P2111112.jpg,12,1,1,
710,134,2,P2,11,2111212,P2111212.jpg,12,1,2,
711,135,3,P2,11,2111312,P2111312.jpg,12,1,3,
712,136,4,P2,11,2111412,P2111412.jpg,12,1,4,
713,137,5,P2,11,2112112,P2112112.jpg,12,2,1,
714,138,6,P2,11,2112212,P2112212.jpg,12,2,2,
715,139,7,P2,11,2112312,P2112312.jpg,12,2,3,
716,140,8,P2,11,2112412,P2112412.jpg,12,2,4,
717,141,9,P2,11,2113112,P2113112.jpg,12,3,1,
718,142,10,P2,11,2113212,P2113212.jpg,12,3,2,
719,143,11,P2,11,2113312,P2113312.jpg,12,3,3,
720,144,12,P2,11,2113413,P2113413.jpg,13,3,4,
721,145,1,P2,11,2111113,P2111113.jpg,13,1,1,
722,146,2,P2,11,2111213,P2111213.jpg,13,1,2,
723,147,3,P2,11,2111313,P2111313.jpg,13,1,3,
724,148,4,P2,11,2111413,P2111413.jpg,13,1,4,
725,149,5,P2,11,2112113,P2112113.jpg,13,2,1,
726,150,6,P2,11,2112213,P2112213.jpg,13,2,2,
727,151,7,P2,11,2112313,P2112313.jpg,13,2,3,
728,152,8,P2,11,2112413,P2112413.jpg,13,2,4,
729,153,9,P2,11,2113113,P2113113.jpg,13,3,1,
730,154,10,P2,11,2113213,P2113213.jpg,13,3,2,
731,155,11,P2,11,2113313,P2113313.jpg,13,3,3,
732,156,12,P2,11,2113413,P2113413.jpg,13,3,4,
733,157,1,P2,11,2111114,P2111114.jpg,14,1,1,
734,158,2,P2,11,2111214,P2111214.jpg,14,1,2,
735,159,3,P2,11,2111314,P2111314.jpg,14,1,3,
736,160,4,P2,11,2111414,P2111414.jpg,14,1,4,
737,161,5,P2,11,2112114,P2112114.jpg,14,2,1,
738,162,6,P2,11,2112214,P2112214.jpg,14,2,2,
739,163,7,P2,11,2112314,P2112314.jpg,14,2,3,
740,164,8,P2,11,2112414,P2112414.jpg,14,2,4,
741,165,9,P2,11,2113114,P2113114.jpg,14,3,1,
742,166,10,P2,11,2113214,P2113214.jpg,14,3,2,
743,167,11,P2,11,2113314,P2113314.jpg,14,3,3,
744,168,12,P2,11,2113414,P2113414.jpg,14,3,4,
745,169,1,P2,11,2111115,P2111115.jpg,15,1,1,
746,170,2,P2,11,2111215,P2111215.jpg,15,1,2,
747,171,3,P2,11,2111315,P2111315.jpg,15,1,3,
748,172,4,P2,11,2111415,P2111415.jpg,15,1,4,
749,173,5,P2,11,2112115,P2112115.jpg,15,2,1,
750,174,6,P2,11,2112215,P2112215.jpg,15,2,2,
751,175,7,P2,11,2112315,P2112315.jpg,15,2,3,
752,176,8,P2,11,2112415,P2112415.jpg,15,2,4,
753,177,9,P2,11,2113115,P2113115.jpg,15,3,1,
754,178,10,P2,11,2113215,P2113215.jpg,15,3,2,
755,179,11,P2,11,2113315,P2113315.jpg,15,3,3,
756,180,12,P2,11,2113415,P2113415.jpg,15,3,4,
757,181,1,P2,11,2111116,P2111116.jpg,16,1,1,
758,182,2,P2,11,2111216,P2111216.jpg,16,1,2,
759,183,3,P2,11,2111316,P2111316.jpg,16,1,3,
760,184,4,P2,11,2111416,P2111416.jpg,16,1,4,
761,185,5,P2,11,2112116,P2112116.jpg,16,2,1,
762,186,6,P2,11,2112216,P2112216.jpg,16,2,2,
763,187,7,P2,11,2112316,P2112316.jpg,16,2,3,
764,188,8,P2,11,2112416,P2112416.jpg,16,2,4,
765,189,9,P2,11,2113116,P2113116.jpg,16,3,1,
766,190,10,P2,11,2113216,P2113216.jpg,16,3,2,
767,191,11,P2,11,2113316,P2113316.jpg,16,3,3,
768,192,12,P2,11,2113416,P2113416.jpg,16,3,4,
769,1,1,M3,11,311111,M311111.jpg,1,1,1,
770,2,2,M3,11,311121,M311121.jpg,1,1,2,
771,3,3,M3,11,311131,M311131.jpg,1,1,3,
772,4,4,M3,11,311141,M311141.jpg,1,1,4,
773,5,5,M3,11,311211,M311211.jpg,1,2,1,
774,6,6,M3,11,311221,M311221.jpg,1,2,2,
775,7,7,M3,11,311231,M311231.jpg,1,2,3,
776,8,8,M3,11,311241,M311241.jpg,1,2,4,
777,9,9,M3,11,311311,M311311.jpg,1,3,1,
778,10,10,M3,11,311321,M311321.jpg,1,3,2,
779,11,11,M3,11,311331,M311331.jpg,1,3,3,
780,12,12,M3,11,311341,M311341.jpg,1,3,4,
781,13,1,M3,11,311112,M311112.jpg,2,1,1,
782,14,2,M3,11,311122,M311122.jpg,2,1,2,
783,15,3,M3,11,311132,M311132.jpg,2,1,3,
784,16,4,M3,11,311142,M311142.jpg,2,1,4,
785,17,5,M3,11,311212,M311212.jpg,2,2,1,
786,18,6,M3,11,311222,M311222.jpg,2,2,2,
787,19,7,M3,11,311232,M311232.jpg,2,2,3,
788,20,8,M3,11,311242,M311242.jpg,2,2,4,
789,21,9,M3,11,311312,M311312.jpg,2,3,1,
790,22,10,M3,11,311322,M311322.jpg,2,3,2,
791,23,11,M3,11,311332,M311332.jpg,2,3,3,
792,24,12,M3,11,311342,M311342.jpg,2,3,4,
793,25,1,M3,11,311113,M311113.jpg,3,1,1,
794,26,2,M3,11,311123,M311123.jpg,3,1,2,
795,27,3,M3,11,311133,M311133.jpg,3,1,3,
796,28,4,M3,11,311143,M311143.jpg,3,1,4,
797,29,5,M3,11,311213,M311213.jpg,3,2,1,
798,30,6,M3,11,311223,M311223.jpg,3,2,2,
799,31,7,M3,11,311233,M311233.jpg,3,2,3,
800,32,8,M3,11,311243,M311243.jpg,3,2,4,
801,33,9,M3,11,311313,M311313.jpg,3,3,1,
802,34,10,M3,11,311323,M311323.jpg,3,3,2,
803,35,11,M3,11,311333,M311333.jpg,3,3,3,
804,36,12,M3,11,311343,M311343.jpg,3,3,4,
805,37,1,M3,11,311114,M311114.jpg,4,1,1,
806,38,2,M3,11,311124,M311124.jpg,4,1,2,
807,39,3,M3,11,311134,M311134.jpg,4,1,3,
808,40,4,M3,11,311144,M311144.jpg,4,1,4,
809,41,5,M3,11,311214,M311214.jpg,4,2,1,
810,42,6,M3,11,311224,M311224.jpg,4,2,2,
811,43,7,M3,11,311234,M311234.jpg,4,2,3,
812,44,8,M3,11,311244,M311244.jpg,4,2,4,
813,45,9,M3,11,311314,M311314.jpg,4,3,1,
814,46,10,M3,11,311324,M311324.jpg,4,3,2,
815,47,11,M3,11,311334,M311334.jpg,4,3,3,
816,48,12,M3,11,311344,M311344.jpg,4,3,4,
817,49,1,M3,11,311115,M311115.jpg,5,1,1,
818,50,2,M3,11,311125,M311125.jpg,5,1,2,
819,51,3,M3,11,311135,M311135.jpg,5,1,3,
820,52,4,M3,11,311145,M311145.jpg,5,1,4,
821,53,5,M3,11,311215,M311215.jpg,5,2,1,
822,54,6,M3,11,311225,M311225.jpg,5,2,2,
823,55,7,M3,11,311235,M311235.jpg,5,2,3,
824,56,8,M3,11,311245,M311245.jpg,5,2,4,
825,57,9,M3,11,311315,M311315.jpg,5,3,1,
826,58,10,M3,11,311325,M311325.jpg,5,3,2,
827,59,11,M3,11,311335,M311335.jpg,5,3,3,
828,60,12,M3,11,311346,M311346.jpg,6,3,4,
829,61,1,M3,11,311116,M311116.jpg,6,1,1,
830,62,2,M3,11,311126,M311126.jpg,6,1,2,
831,63,3,M3,11,311136,M311136.jpg,6,1,3,
832,64,4,M3,11,311146,M311146.jpg,6,1,4,
833,65,5,M3,11,311216,M311216.jpg,6,2,1,
834,66,6,M3,11,311226,M311226.jpg,6,2,2,
835,67,7,M3,11,311236,M311236.jpg,6,2,3,
836,68,8,M3,11,311246,M311246.jpg,6,2,4,
837,69,9,M3,11,311316,M311316.jpg,6,3,1,
838,70,10,M3,11,311326,M311326.jpg,6,3,2,
839,71,11,M3,11,311336,M311336.jpg,6,3,3,
840,72,12,M3,11,311346,M311346.jpg,6,3,4,
841,73,1,M3,11,311117,M311117.jpg,7,1,1,
842,74,2,M3,11,311127,M311127.jpg,7,1,2,
843,75,3,M3,11,311137,M311137.jpg,7,1,3,
844,76,4,M3,11,311147,M311147.jpg,7,1,4,
845,77,5,M3,11,311217,M311217.jpg,7,2,1,
846,78,6,M3,11,311227,M311227.jpg,7,2,2,
847,79,7,M3,11,311237,M311237.jpg,7,2,3,
848,80,8,M3,11,311247,M311247.jpg,7,2,4,
849,81,9,M3,11,311317,M311317.jpg,7,3,1,
850,82,10,M3,11,311327,M311327.jpg,7,3,2,
851,83,11,M3,11,311337,M311337.jpg,7,3,3,
852,84,12,M3,11,311347,M311347.jpg,7,3,4,
853,85,1,M3,11,311118,M311118.jpg,8,1,1,
854,86,2,M3,11,311128,M311128.jpg,8,1,2,
855,87,3,M3,11,311138,M311138.jpg,8,1,3,
856,88,4,M3,11,311148,M311148.jpg,8,1,4,
857,89,5,M3,11,311218,M311218.jpg,8,2,1,
858,90,6,M3,11,311228,M311228.jpg,8,2,2,
859,91,7,M3,11,311238,M311238.jpg,8,2,3,
860,92,8,M3,11,311248,M311248.jpg,8,2,4,
861,93,9,M3,11,311318,M311318.jpg,8,3,1,
862,94,10,M3,11,311328,M311328.jpg,8,3,2,
863,95,11,M3,11,311338,M311338.jpg,8,3,3,
864,96,12,M3,11,311348,M311348.jpg,8,3,4,
865,97,1,M3,11,311119,M311119.jpg,9,1,1,
866,98,2,M3,11,311129,M311129.jpg,9,1,2,
867,99,3,M3,11,311139,M311139.jpg,9,1,3,
868,100,4,M3,11,311149,M311149.jpg,9,1,4,
869,101,5,M3,11,311219,M311219.jpg,9,2,1,
870,102,6,M3,11,311229,M311229.jpg,9,2,2,
871,103,7,M3,11,311239,M311239.jpg,9,2,3,
872,104,8,M3,11,311249,M311249.jpg,9,2,4,
873,105,9,M3,11,311319,M311319.jpg,9,3,1,
874,106,10,M3,11,311329,M311329.jpg,9,3,2,
875,107,11,M3,11,311339,M311339.jpg,9,3,3,
876,108,12,M3,11,311349,M311349.jpg,9,3,4,
877,109,1,M3,11,3111110,M3111110.jpg,10,1,1,
878,110,2,M3,11,3111210,M3111210.jpg,10,1,2,
879,111,3,M3,11,3111310,M3111310.jpg,10,1,3,
880,112,4,M3,11,3111410,M3111410.jpg,10,1,4,
881,113,5,M3,11,3112110,M3112110.jpg,10,2,1,
882,114,6,M3,11,3112210,M3112210.jpg,10,2,2,
883,115,7,M3,11,3112310,M3112310.jpg,10,2,3,
884,116,8,M3,11,3112410,M3112410.jpg,10,2,4,
885,117,9,M3,11,3113110,M3113110.jpg,10,3,1,
886,118,10,M3,11,3113210,M3113210.jpg,10,3,2,
887,119,11,M3,11,3113310,M3113310.jpg,10,3,3,
888,120,12,M3,11,3113410,M3113410.jpg,10,3,4,
889,121,1,M3,11,3111111,M3111111.jpg,11,1,1,
890,122,2,M3,11,3111211,M3111211.jpg,11,1,2,
891,123,3,M3,11,3111311,M3111311.jpg,11,1,3,
892,124,4,M3,11,3111411,M3111411.jpg,11,1,4,
893,125,5,M3,11,3112111,M3112111.jpg,11,2,1,
894,126,6,M3,11,3112211,M3112211.jpg,11,2,2,
895,127,7,M3,11,3112311,M3112311.jpg,11,2,3,
896,128,8,M3,11,3112411,M3112411.jpg,11,2,4,
897,129,9,M3,11,3113111,M3113111.jpg,11,3,1,
898,130,10,M3,11,3113211,M3113211.jpg,11,3,2,
899,131,11,M3,11,3113311,M3113311.jpg,11,3,3,
900,132,12,M3,11,3113411,M3113411.jpg,11,3,4,
901,133,1,M3,11,3111112,M3111112.jpg,12,1,1,
902,134,2,M3,11,3111212,M3111212.jpg,12,1,2,
903,135,3,M3,11,3111312,M3111312.jpg,12,1,3,
904,136,4,M3,11,3111412,M3111412.jpg,12,1,4,
905,137,5,M3,11,3112112,M3112112.jpg,12,2,1,
906,138,6,M3,11,3112212,M3112212.jpg,12,2,2,
907,139,7,M3,11,3112312,M3112312.jpg,12,2,3,
908,140,8,M3,11,3112412,M3112412.jpg,12,2,4,
909,141,9,M3,11,3113112,M3113112.jpg,12,3,1,
910,142,10,M3,11,3113212,M3113212.jpg,12,3,2,
911,143,11,M3,11,3113312,M3113312.jpg,12,3,3,
912,144,12,M3,11,3113413,M3113413.jpg,13,3,4,
913,145,1,M3,11,3111113,M3111113.jpg,13,1,1,
914,146,2,M3,11,3111213,M3111213.jpg,13,1,2,
915,147,3,M3,11,3111313,M3111313.jpg,13,1,3,
916,148,4,M3,11,3111413,M3111413.jpg,13,1,4,
917,149,5,M3,11,3112113,M3112113.jpg,13,2,1,
918,150,6,M3,11,3112213,M3112213.jpg,13,2,2,
919,151,7,M3,11,3112313,M3112313.jpg,13,2,3,
920,152,8,M3,11,3112413,M3112413.jpg,13,2,4,
921,153,9,M3,11,3113113,M3113113.jpg,13,3,1,
922,154,10,M3,11,3113213,M3113213.jpg,13,3,2,
923,155,11,M3,11,3113313,M3113313.jpg,13,3,3,
924,156,12,M3,11,3113413,M3113413.jpg,13,3,4,
925,157,1,M3,11,3111114,M3111114.jpg,14,1,1,
926,158,2,M3,11,3111214,M3111214.jpg,14,1,2,
927,159,3,M3,11,3111314,M3111314.jpg,14,1,3,
928,160,4,M3,11,3111414,M3111414.jpg,14,1,4,
929,161,5,M3,11,3112114,M3112114.jpg,14,2,1,
930,162,6,M3,11,3112214,M3112214.jpg,14,2,2,
931,163,7,M3,11,3112314,M3112314.jpg,14,2,3,
932,164,8,M3,11,3112414,M3112414.jpg,14,2,4,
933,165,9,M3,11,3113114,M3113114.jpg,14,3,1,
934,166,10,M3,11,3113214,M3113214.jpg,14,3,2,
935,167,11,M3,11,3113314,M3113314.jpg,14,3,3,
936,168,12,M3,11,3113414,M3113414.jpg,14,3,4,
937,169,1,M3,11,3111115,M3111115.jpg,15,1,1,
938,170,2,M3,11,3111215,M3111215.jpg,15,1,2,
939,171,3,M3,11,3111315,M3111315.jpg,15,1,3,
940,172,4,M3,11,3111415,M3111415.jpg,15,1,4,
941,173,5,M3,11,3112115,M3112115.jpg,15,2,1,
942,174,6,M3,11,3112215,M3112215.jpg,15,2,2,
943,175,7,M3,11,3112315,M3112315.jpg,15,2,3,
944,176,8,M3,11,3112415,M3112415.jpg,15,2,4,
945,177,9,M3,11,3113115,M3113115.jpg,15,3,1,
946,178,10,M3,11,3113215,M3113215.jpg,15,3,2,
947,179,11,M3,11,3113315,M3113315.jpg,15,3,3,
948,180,12,M3,11,3113415,M3113415.jpg,15,3,4,
949,181,1,M3,11,3111116,M3111116.jpg,16,1,1,
950,182,2,M3,11,3111216,M3111216.jpg,16,1,2,
951,183,3,M3,11,3111316,M3111316.jpg,16,1,3,
952,184,4,M3,11,3111416,M3111416.jpg,16,1,4,
953,185,5,M3,11,3112116,M3112116.jpg,16,2,1,
954,186,6,M3,11,3112216,M3112216.jpg,16,2,2,
955,187,7,M3,11,3112316,M3112316.jpg,16,2,3,
956,188,8,M3,11,3112416,M3112416.jpg,16,2,4,
957,189,9,M3,11,3113116,M3113116.jpg,16,3,1,
958,190,10,M3,11,3113216,M3113216.jpg,16,3,2,
959,191,11,M3,11,3113316,M3113316.jpg,16,3,3,
960,192,12,M3,11,3113416,M3113416.jpg,16,3,4,
961,1,1,T1,12,112111,T112111.jpg,1,1,1,
962,2,2,T1,12,112121,T112121.jpg,1,1,2,
963,3,3,T1,12,112131,T112131.jpg,1,1,3,
964,4,4,T1,12,112141,T112141.jpg,1,1,4,
965,5,5,T1,12,112211,T112211.jpg,1,2,1,
966,6,6,T1,12,112221,T112221.jpg,1,2,2,
967,7,7,T1,12,112231,T112231.jpg,1,2,3,
968,8,8,T1,12,112241,T112241.jpg,1,2,4,
969,9,9,T1,12,112311,T112311.jpg,1,3,1,
970,10,10,T1,12,112321,T112321.jpg,1,3,2,
971,11,11,T1,12,112331,T112331.jpg,1,3,3,
972,12,12,T1,12,112341,T112341.jpg,1,3,4,
973,13,1,T1,12,112112,T112112.jpg,2,1,1,
974,14,2,T1,12,112122,T112122.jpg,2,1,2,
975,15,3,T1,12,112132,T112132.jpg,2,1,3,
976,16,4,T1,12,112142,T112142.jpg,2,1,4,
977,17,5,T1,12,112212,T112212.jpg,2,2,1,
978,18,6,T1,12,112222,T112222.jpg,2,2,2,
979,19,7,T1,12,112232,T112232.jpg,2,2,3,
980,20,8,T1,12,112242,T112242.jpg,2,2,4,
981,21,9,T1,12,112312,T112312.jpg,2,3,1,
982,22,10,T1,12,112322,T112322.jpg,2,3,2,
983,23,11,T1,12,112332,T112332.jpg,2,3,3,
984,24,12,T1,12,112342,T112342.jpg,2,3,4,
985,25,1,T1,12,112113,T112113.jpg,3,1,1,
986,26,2,T1,12,112123,T112123.jpg,3,1,2,
987,27,3,T1,12,112133,T112133.jpg,3,1,3,
988,28,4,T1,12,112143,T112143.jpg,3,1,4,
989,29,5,T1,12,112213,T112213.jpg,3,2,1,
990,30,6,T1,12,112223,T112223.jpg,3,2,2,
991,31,7,T1,12,112233,T112233.jpg,3,2,3,
992,32,8,T1,12,112243,T112243.jpg,3,2,4,
993,33,9,T1,12,112313,T112313.jpg,3,3,1,
994,34,10,T1,12,112323,T112323.jpg,3,3,2,
995,35,11,T1,12,112333,T112333.jpg,3,3,3,
996,36,12,T1,12,112343,T112343.jpg,3,3,4,
997,37,1,T1,12,112114,T112114.jpg,4,1,1,
998,38,2,T1,12,112124,T112124.jpg,4,1,2,
999,39,3,T1,12,112134,T112134.jpg,4,1,3,
1000,40,4,T1,12,112144,T112144.jpg,4,1,4,
1001,41,5,T1,12,112214,T112214.jpg,4,2,1,
1002,42,6,T1,12,112224,T112224.jpg,4,2,2,
1003,43,7,T1,12,112234,T112234.jpg,4,2,3,
1004,44,8,T1,12,112244,T112244.jpg,4,2,4,
1005,45,9,T1,12,112314,T112314.jpg,4,3,1,
1006,46,10,T1,12,112324,T112324.jpg,4,3,2,
1007,47,11,T1,12,112334,T112334.jpg,4,3,3,
1008,48,12,T1,12,112344,T112344.jpg,4,3,4,
1009,49,1,T1,12,112115,T112115.jpg,5,1,1,
1010,50,2,T1,12,112125,T112125.jpg,5,1,2,
1011,51,3,T1,12,112135,T112135.jpg,5,1,3,
1012,52,4,T1,12,112145,T112145.jpg,5,1,4,
1013,53,5,T1,12,112215,T112215.jpg,5,2,1,
1014,54,6,T1,12,112225,T112225.jpg,5,2,2,
1015,55,7,T1,12,112235,T112235.jpg,5,2,3,
1016,56,8,T1,12,112245,T112245.jpg,5,2,4,
1017,57,9,T1,12,112315,T112315.jpg,5,3,1,
1018,58,10,T1,12,112325,T112325.jpg,5,3,2,
1019,59,11,T1,12,112335,T112335.jpg,5,3,3,
1020,60,12,T1,12,112346,T112346.jpg,6,3,4,
1021,61,1,T1,12,112116,T112116.jpg,6,1,1,
1022,62,2,T1,12,112126,T112126.jpg,6,1,2,
1023,63,3,T1,12,112136,T112136.jpg,6,1,3,
1024,64,4,T1,12,112146,T112146.jpg,6,1,4,
1025,65,5,T1,12,112216,T112216.jpg,6,2,1,
1026,66,6,T1,12,112226,T112226.jpg,6,2,2,
1027,67,7,T1,12,112236,T112236.jpg,6,2,3,
1028,68,8,T1,12,112246,T112246.jpg,6,2,4,
1029,69,9,T1,12,112316,T112316.jpg,6,3,1,
1030,70,10,T1,12,112326,T112326.jpg,6,3,2,
1031,71,11,T1,12,112336,T112336.jpg,6,3,3,
1032,72,12,T1,12,112346,T112346.jpg,6,3,4,
1033,73,1,T1,12,112117,T112117.jpg,7,1,1,
1034,74,2,T1,12,112127,T112127.jpg,7,1,2,
1035,75,3,T1,12,112137,T112137.jpg,7,1,3,
1036,76,4,T1,12,112147,T112147.jpg,7,1,4,
1037,77,5,T1,12,112217,T112217.jpg,7,2,1,
1038,78,6,T1,12,112227,T112227.jpg,7,2,2,
1039,79,7,T1,12,112237,T112237.jpg,7,2,3,
1040,80,8,T1,12,112247,T112247.jpg,7,2,4,
1041,81,9,T1,12,112317,T112317.jpg,7,3,1,
1042,82,10,T1,12,112327,T112327.jpg,7,3,2,
1043,83,11,T1,12,112337,T112337.jpg,7,3,3,
1044,84,12,T1,12,112347,T112347.jpg,7,3,4,
1045,85,1,T1,12,112118,T112118.jpg,8,1,1,
1046,86,2,T1,12,112128,T112128.jpg,8,1,2,
1047,87,3,T1,12,112138,T112138.jpg,8,1,3,
1048,88,4,T1,12,112148,T112148.jpg,8,1,4,
1049,89,5,T1,12,112218,T112218.jpg,8,2,1,
1050,90,6,T1,12,112228,T112228.jpg,8,2,2,
1051,91,7,T1,12,112238,T112238.jpg,8,2,3,
1052,92,8,T1,12,112248,T112248.jpg,8,2,4,
1053,93,9,T1,12,112318,T112318.jpg,8,3,1,
1054,94,10,T1,12,112328,T112328.jpg,8,3,2,
1055,95,11,T1,12,112338,T112338.jpg,8,3,3,
1056,96,12,T1,12,112348,T112348.jpg,8,3,4,
1057,97,1,T1,12,112119,T112119.jpg,9,1,1,
1058,98,2,T1,12,112129,T112129.jpg,9,1,2,
1059,99,3,T1,12,112139,T112139.jpg,9,1,3,
1060,100,4,T1,12,112149,T112149.jpg,9,1,4,
1061,101,5,T1,12,112219,T112219.jpg,9,2,1,
1062,102,6,T1,12,112229,T112229.jpg,9,2,2,
1063,103,7,T1,12,112239,T112239.jpg,9,2,3,
1064,104,8,T1,12,112249,T112249.jpg,9,2,4,
1065,105,9,T1,12,112319,T112319.jpg,9,3,1,
1066,106,10,T1,12,112329,T112329.jpg,9,3,2,
1067,107,11,T1,12,112339,T112339.jpg,9,3,3,
1068,108,12,T1,12,112349,T112349.jpg,9,3,4,
1069,109,1,T1,12,1121110,T1121110.jpg,10,1,1,
1070,110,2,T1,12,1121210,T1121210.jpg,10,1,2,
1071,111,3,T1,12,1121310,T1121310.jpg,10,1,3,
1072,112,4,T1,12,1121410,T1121410.jpg,10,1,4,
1073,113,5,T1,12,1122110,T1122110.jpg,10,2,1,
1074,114,6,T1,12,1122210,T1122210.jpg,10,2,2,
1075,115,7,T1,12,1122310,T1122310.jpg,10,2,3,
1076,116,8,T1,12,1122410,T1122410.jpg,10,2,4,
1077,117,9,T1,12,1123110,T1123110.jpg,10,3,1,
1078,118,10,T1,12,1123210,T1123210.jpg,10,3,2,
1079,119,11,T1,12,1123310,T1123310.jpg,10,3,3,
1080,120,12,T1,12,1123410,T1123410.jpg,10,3,4,
1081,121,1,T1,12,1121111,T1121111.jpg,11,1,1,
1082,122,2,T1,12,1121211,T1121211.jpg,11,1,2,
1083,123,3,T1,12,1121311,T1121311.jpg,11,1,3,
1084,124,4,T1,12,1121411,T1121411.jpg,11,1,4,
1085,125,5,T1,12,1122111,T1122111.jpg,11,2,1,
1086,126,6,T1,12,1122211,T1122211.jpg,11,2,2,
1087,127,7,T1,12,1122311,T1122311.jpg,11,2,3,
1088,128,8,T1,12,1122411,T1122411.jpg,11,2,4,
1089,129,9,T1,12,1123111,T1123111.jpg,11,3,1,
1090,130,10,T1,12,1123211,T1123211.jpg,11,3,2,
1091,131,11,T1,12,1123311,T1123311.jpg,11,3,3,
1092,132,12,T1,12,1123412,T1123412.jpg,12,3,4,
1093,133,1,T1,12,1121112,T1121112.jpg,12,1,1,
1094,134,2,T1,12,1121212,T1121212.jpg,12,1,2,
1095,135,3,T1,12,1121312,T1121312.jpg,12,1,3,
1096,136,4,T1,12,1121412,T1121412.jpg,12,1,4,
1097,137,5,T1,12,1122112,T1122112.jpg,12,2,1,
1098,138,6,T1,12,1122212,T1122212.jpg,12,2,2,
1099,139,7,T1,12,1122312,T1122312.jpg,12,2,3,
1100,140,8,T1,12,1122412,T1122412.jpg,12,2,4,
1101,141,9,T1,12,1123112,T1123112.jpg,12,3,1,
1102,142,10,T1,12,1123212,T1123212.jpg,12,3,2,
1103,143,11,T1,12,1123312,T1123312.jpg,12,3,3,
1104,144,12,T1,12,1123412,T1123412.jpg,12,3,4,
1105,145,1,T1,12,1121113,T1121113.jpg,13,1,1,
1106,146,2,T1,12,1121213,T1121213.jpg,13,1,2,
1107,147,3,T1,12,1121313,T1121313.jpg,13,1,3,
1108,148,4,T1,12,1121413,T1121413.jpg,13,1,4,
1109,149,5,T1,12,1122113,T1122113.jpg,13,2,1,
1110,150,6,T1,12,1122213,T1122213.jpg,13,2,2,
1111,151,7,T1,12,1122313,T1122313.jpg,13,2,3,
1112,152,8,T1,12,1122413,T1122413.jpg,13,2,4,
1113,153,9,T1,12,1123113,T1123113.jpg,13,3,1,
1114,154,10,T1,12,1123213,T1123213.jpg,13,3,2,
1115,155,11,T1,12,1123313,T1123313.jpg,13,3,3,
1116,156,12,T1,12,1123413,T1123413.jpg,13,3,4,
1117,1,1,P2,12,212111,P212111.jpg,1,1,1,
1118,2,2,P2,12,212121,P212121.jpg,1,1,2,
1119,3,3,P2,12,212131,P212131.jpg,1,1,3,
1120,4,4,P2,12,212141,P212141.jpg,1,1,4,
1121,5,5,P2,12,212211,P212211.jpg,1,2,1,
1122,6,6,P2,12,212221,P212221.jpg,1,2,2,
1123,7,7,P2,12,212231,P212231.jpg,1,2,3,
1124,8,8,P2,12,212241,P212241.jpg,1,2,4,
1125,9,9,P2,12,212311,P212311.jpg,1,3,1,
1126,10,10,P2,12,212321,P212321.jpg,1,3,2,
1127,11,11,P2,12,212331,P212331.jpg,1,3,3,
1128,12,12,P2,12,212341,P212341.jpg,1,3,4,
1129,13,1,P2,12,212112,P212112.jpg,2,1,1,
1130,14,2,P2,12,212122,P212122.jpg,2,1,2,
1131,15,3,P2,12,212132,P212132.jpg,2,1,3,
1132,16,4,P2,12,212142,P212142.jpg,2,1,4,
1133,17,5,P2,12,212212,P212212.jpg,2,2,1,
1134,18,6,P2,12,212222,P212222.jpg,2,2,2,
1135,19,7,P2,12,212232,P212232.jpg,2,2,3,
1136,20,8,P2,12,212242,P212242.jpg,2,2,4,
1137,21,9,P2,12,212312,P212312.jpg,2,3,1,
1138,22,10,P2,12,212322,P212322.jpg,2,3,2,
1139,23,11,P2,12,212332,P212332.jpg,2,3,3,
1140,24,12,P2,12,212342,P212342.jpg,2,3,4,
1141,25,1,P2,12,212113,P212113.jpg,3,1,1,
1142,26,2,P2,12,212123,P212123.jpg,3,1,2,
1143,27,3,P2,12,212133,P212133.jpg,3,1,3,
1144,28,4,P2,12,212143,P212143.jpg,3,1,4,
1145,29,5,P2,12,212213,P212213.jpg,3,2,1,
1146,30,6,P2,12,212223,P212223.jpg,3,2,2,
1147,31,7,P2,12,212233,P212233.jpg,3,2,3,
1148,32,8,P2,12,212243,P212243.jpg,3,2,4,
1149,33,9,P2,12,212313,P212313.jpg,3,3,1,
1150,34,10,P2,12,212323,P212323.jpg,3,3,2,
1151,35,11,P2,12,212333,P212333.jpg,3,3,3,
1152,36,12,P2,12,212343,P212343.jpg,3,3,4,
1153,37,1,P2,12,212114,P212114.jpg,4,1,1,
1154,38,2,P2,12,212124,P212124.jpg,4,1,2,
1155,39,3,P2,12,212134,P212134.jpg,4,1,3,
1156,40,4,P2,12,212144,P212144.jpg,4,1,4,
1157,41,5,P2,12,212214,P212214.jpg,4,2,1,
1158,42,6,P2,12,212224,P212224.jpg,4,2,2,
1159,43,7,P2,12,212234,P212234.jpg,4,2,3,
1160,44,8,P2,12,212244,P212244.jpg,4,2,4,
1161,45,9,P2,12,212314,P212314.jpg,4,3,1,
1162,46,10,P2,12,212324,P212324.jpg,4,3,2,
1163,47,11,P2,12,212334,P212334.jpg,4,3,3,
1164,48,12,P2,12,212344,P212344.jpg,4,3,4,
1165,49,1,P2,12,212115,P212115.jpg,5,1,1,
1166,50,2,P2,12,212125,P212125.jpg,5,1,2,
1167,51,3,P2,12,212135,P212135.jpg,5,1,3,
1168,52,4,P2,12,212145,P212145.jpg,5,1,4,
1169,53,5,P2,12,212215,P212215.jpg,5,2,1,
1170,54,6,P2,12,212225,P212225.jpg,5,2,2,
1171,55,7,P2,12,212235,P212235.jpg,5,2,3,
1172,56,8,P2,12,212245,P212245.jpg,5,2,4,
1173,57,9,P2,12,212315,P212315.jpg,5,3,1,
1174,58,10,P2,12,212325,P212325.jpg,5,3,2,
1175,59,11,P2,12,212335,P212335.jpg,5,3,3,
1176,60,12,P2,12,212346,P212346.jpg,6,3,4,
1177,61,1,P2,12,212116,P212116.jpg,6,1,1,
1178,62,2,P2,12,212126,P212126.jpg,6,1,2,
1179,63,3,P2,12,212136,P212136.jpg,6,1,3,
1180,64,4,P2,12,212146,P212146.jpg,6,1,4,
1181,65,5,P2,12,212216,P212216.jpg,6,2,1,
1182,66,6,P2,12,212226,P212226.jpg,6,2,2,
1183,67,7,P2,12,212236,P212236.jpg,6,2,3,
1184,68,8,P2,12,212246,P212246.jpg,6,2,4,
1185,69,9,P2,12,212316,P212316.jpg,6,3,1,
1186,70,10,P2,12,212326,P212326.jpg,6,3,2,
1187,71,11,P2,12,212336,P212336.jpg,6,3,3,
1188,72,12,P2,12,212346,P212346.jpg,6,3,4,
1189,73,1,P2,12,212117,P212117.jpg,7,1,1,
1190,74,2,P2,12,212127,P212127.jpg,7,1,2,
1191,75,3,P2,12,212137,P212137.jpg,7,1,3,
1192,76,4,P2,12,212147,P212147.jpg,7,1,4,
1193,77,5,P2,12,212217,P212217.jpg,7,2,1,
1194,78,6,P2,12,212227,P212227.jpg,7,2,2,
1195,79,7,P2,12,212237,P212237.jpg,7,2,3,
1196,80,8,P2,12,212247,P212247.jpg,7,2,4,
1197,81,9,P2,12,212317,P212317.jpg,7,3,1,
1198,82,10,P2,12,212327,P212327.jpg,7,3,2,
1199,83,11,P2,12,212337,P212337.jpg,7,3,3,
1200,84,12,P2,12,212347,P212347.jpg,7,3,4,
1201,85,1,P2,12,212118,P212118.jpg,8,1,1,
1202,86,2,P2,12,212128,P212128.jpg,8,1,2,
1203,87,3,P2,12,212138,P212138.jpg,8,1,3,
1204,88,4,P2,12,212148,P212148.jpg,8,1,4,
1205,89,5,P2,12,212218,P212218.jpg,8,2,1,
1206,90,6,P2,12,212228,P212228.jpg,8,2,2,
1207,91,7,P2,12,212238,P212238.jpg,8,2,3,
1208,92,8,P2,12,212248,P212248.jpg,8,2,4,
1209,93,9,P2,12,212318,P212318.jpg,8,3,1,
1210,94,10,P2,12,212328,P212328.jpg,8,3,2,
1211,95,11,P2,12,212338,P212338.jpg,8,3,3,
1212,96,12,P2,12,212348,P212348.jpg,8,3,4,
1213,97,1,P2,12,212119,P212119.jpg,9,1,1,
1214,98,2,P2,12,212129,P212129.jpg,9,1,2,
1215,99,3,P2,12,212139,P212139.jpg,9,1,3,
1216,100,4,P2,12,212149,P212149.jpg,9,1,4,
1217,101,5,P2,12,212219,P212219.jpg,9,2,1,
1218,102,6,P2,12,212229,P212229.jpg,9,2,2,
1219,103,7,P2,12,212239,P212239.jpg,9,2,3,
1220,104,8,P2,12,212249,P212249.jpg,9,2,4,
1221,105,9,P2,12,212319,P212319.jpg,9,3,1,
1222,106,10,P2,12,212329,P212329.jpg,9,3,2,
1223,107,11,P2,12,212339,P212339.jpg,9,3,3,
1224,108,12,P2,12,212349,P212349.jpg,9,3,4,
1225,109,1,P2,12,2121110,P2121110.jpg,10,1,1,
1226,110,2,P2,12,2121210,P2121210.jpg,10,1,2,
1227,111,3,P2,12,2121310,P2121310.jpg,10,1,3,
1228,112,4,P2,12,2121410,P2121410.jpg,10,1,4,
1229,113,5,P2,12,2122110,P2122110.jpg,10,2,1,
1230,114,6,P2,12,2122210,P2122210.jpg,10,2,2,
1231,115,7,P2,12,2122310,P2122310.jpg,10,2,3,
1232,116,8,P2,12,2122410,P2122410.jpg,10,2,4,
1233,117,9,P2,12,2123110,P2123110.jpg,10,3,1,
1234,118,10,P2,12,2123210,P2123210.jpg,10,3,2,
1235,119,11,P2,12,2123310,P2123310.jpg,10,3,3,
1236,120,12,P2,12,2123410,P2123410.jpg,10,3,4,
1237,121,1,P2,12,2121111,P2121111.jpg,11,1,1,
1238,122,2,P2,12,2121211,P2121211.jpg,11,1,2,
1239,123,3,P2,12,2121311,P2121311.jpg,11,1,3,
1240,124,4,P2,12,2121411,P2121411.jpg,11,1,4,
1241,125,5,P2,12,2122111,P2122111.jpg,11,2,1,
1242,126,6,P2,12,2122211,P2122211.jpg,11,2,2,
1243,127,7,P2,12,2122311,P2122311.jpg,11,2,3,
1244,128,8,P2,12,2122411,P2122411.jpg,11,2,4,
1245,129,9,P2,12,2123111,P2123111.jpg,11,3,1,
1246,130,10,P2,12,2123211,P2123211.jpg,11,3,2,
1247,131,11,P2,12,2123311,P2123311.jpg,11,3,3,
1248,132,12,P2,12,2123411,P2123411.jpg,11,3,4,
1249,133,1,P2,12,2121112,P2121112.jpg,12,1,1,
1250,134,2,P2,12,2121212,P2121212.jpg,12,1,2,
1251,135,3,P2,12,2121312,P2121312.jpg,12,1,3,
1252,136,4,P2,12,2121412,P2121412.jpg,12,1,4,
1253,137,5,P2,12,2122112,P2122112.jpg,12,2,1,
1254,138,6,P2,12,2122212,P2122212.jpg,12,2,2,
1255,139,7,P2,12,2122312,P2122312.jpg,12,2,3,
1256,140,8,P2,12,2122412,P2122412.jpg,12,2,4,
1257,141,9,P2,12,2123112,P2123112.jpg,12,3,1,
1258,142,10,P2,12,2123212,P2123212.jpg,12,3,2,
1259,143,11,P2,12,2123312,P2123312.jpg,12,3,3,
1260,144,12,P2,12,2123413,P2123413.jpg,13,3,4,
1261,145,1,P2,12,2121113,P2121113.jpg,13,1,1,
1262,146,2,P2,12,2121213,P2121213.jpg,13,1,2,
1263,147,3,P2,12,2121313,P2121313.jpg,13,1,3,
1264,148,4,P2,12,2121413,P2121413.jpg,13,1,4,
1265,149,5,P2,12,2122113,P2122113.jpg,13,2,1,
1266,150,6,P2,12,2122213,P2122213.jpg,13,2,2,
1267,151,7,P2,12,2122313,P2122313.jpg,13,2,3,
1268,152,8,P2,12,2122413,P2122413.jpg,13,2,4,
1269,153,9,P2,12,2123113,P2123113.jpg,13,3,1,
1270,154,10,P2,12,2123213,P2123213.jpg,13,3,2,
1271,155,11,P2,12,2123313,P2123313.jpg,13,3,3,
1272,156,12,P2,12,2123413,P2123413.jpg,13,3,4,
1273,1,1,M3,12,312111,M312111.jpg,1,1,1,
1274,2,2,M3,12,312121,M312121.jpg,1,1,2,
1275,3,3,M3,12,312131,M312131.jpg,1,1,3,
1276,4,4,M3,12,312141,M312141.jpg,1,1,4,
1277,5,5,M3,12,312211,M312211.jpg,1,2,1,
1278,6,6,M3,12,312221,M312221.jpg,1,2,2,
1279,7,7,M3,12,312231,M312231.jpg,1,2,3,
1280,8,8,M3,12,312241,M312241.jpg,1,2,4,
1281,9,9,M3,12,312311,M312311.jpg,1,3,1,
1282,10,10,M3,12,312321,M312321.jpg,1,3,2,
1283,11,11,M3,12,312331,M312331.jpg,1,3,3,
1284,12,12,M3,12,312341,M312341.jpg,1,3,4,
1285,13,1,M3,12,312112,M312112.jpg,2,1,1,
1286,14,2,M3,12,312122,M312122.jpg,2,1,2,
1287,15,3,M3,12,312132,M312132.jpg,2,1,3,
1288,16,4,M3,12,312142,M312142.jpg,2,1,4,
1289,17,5,M3,12,312212,M312212.jpg,2,2,1,
1290,18,6,M3,12,312222,M312222.jpg,2,2,2,
1291,19,7,M3,12,312232,M312232.jpg,2,2,3,
1292,20,8,M3,12,312242,M312242.jpg,2,2,4,
1293,21,9,M3,12,312312,M312312.jpg,2,3,1,
1294,22,10,M3,12,312322,M312322.jpg,2,3,2,
1295,23,11,M3,12,312332,M312332.jpg,2,3,3,
1296,24,12,M3,12,312342,M312342.jpg,2,3,4,
1297,25,1,M3,12,312113,M312113.jpg,3,1,1,
1298,26,2,M3,12,312123,M312123.jpg,3,1,2,
1299,27,3,M3,12,312133,M312133.jpg,3,1,3,
1300,28,4,M3,12,312143,M312143.jpg,3,1,4,
1301,29,5,M3,12,312213,M312213.jpg,3,2,1,
1302,30,6,M3,12,312223,M312223.jpg,3,2,2,
1303,31,7,M3,12,312233,M312233.jpg,3,2,3,
1304,32,8,M3,12,312243,M312243.jpg,3,2,4,
1305,33,9,M3,12,312313,M312313.jpg,3,3,1,
1306,34,10,M3,12,312323,M312323.jpg,3,3,2,
1307,35,11,M3,12,312333,M312333.jpg,3,3,3,
1308,36,12,M3,12,312343,M312343.jpg,3,3,4,
1309,37,1,M3,12,312114,M312114.jpg,4,1,1,
1310,38,2,M3,12,312124,M312124.jpg,4,1,2,
1311,39,3,M3,12,312134,M312134.jpg,4,1,3,
1312,40,4,M3,12,312144,M312144.jpg,4,1,4,
1313,41,5,M3,12,312214,M312214.jpg,4,2,1,
1314,42,6,M3,12,312224,M312224.jpg,4,2,2,
1315,43,7,M3,12,312234,M312234.jpg,4,2,3,
1316,44,8,M3,12,312244,M312244.jpg,4,2,4,
1317,45,9,M3,12,312314,M312314.jpg,4,3,1,
1318,46,10,M3,12,312324,M312324.jpg,4,3,2,
1319,47,11,M3,12,312334,M312334.jpg,4,3,3,
1320,48,12,M3,12,312344,M312344.jpg,4,3,4,
1321,49,1,M3,12,312115,M312115.jpg,5,1,1,
1322,50,2,M3,12,312125,M312125.jpg,5,1,2,
1323,51,3,M3,12,312135,M312135.jpg,5,1,3,
1324,52,4,M3,12,312145,M312145.jpg,5,1,4,
1325,53,5,M3,12,312215,M312215.jpg,5,2,1,
1326,54,6,M3,12,312225,M312225.jpg,5,2,2,
1327,55,7,M3,12,312235,M312235.jpg,5,2,3,
1328,56,8,M3,12,312245,M312245.jpg,5,2,4,
1329,57,9,M3,12,312315,M312315.jpg,5,3,1,
1330,58,10,M3,12,312325,M312325.jpg,5,3,2,
1331,59,11,M3,12,312335,M312335.jpg,5,3,3,
1332,60,12,M3,12,312346,M312346.jpg,6,3,4,
1333,61,1,M3,12,312116,M312116.jpg,6,1,1,
1334,62,2,M3,12,312126,M312126.jpg,6,1,2,
1335,63,3,M3,12,312136,M312136.jpg,6,1,3,
1336,64,4,M3,12,312146,M312146.jpg,6,1,4,
1337,65,5,M3,12,312216,M312216.jpg,6,2,1,
1338,66,6,M3,12,312226,M312226.jpg,6,2,2,
1339,67,7,M3,12,312236,M312236.jpg,6,2,3,
1340,68,8,M3,12,312246,M312246.jpg,6,2,4,
1341,69,9,M3,12,312316,M312316.jpg,6,3,1,
1342,70,10,M3,12,312326,M312326.jpg,6,3,2,
1343,71,11,M3,12,312336,M312336.jpg,6,3,3,
1344,72,12,M3,12,312346,M312346.jpg,6,3,4,
1345,73,1,M3,12,312117,M312117.jpg,7,1,1,
1346,74,2,M3,12,312127,M312127.jpg,7,1,2,
1347,75,3,M3,12,312137,M312137.jpg,7,1,3,
1348,76,4,M3,12,312147,M312147.jpg,7,1,4,
1349,77,5,M3,12,312217,M312217.jpg,7,2,1,
1350,78,6,M3,12,312227,M312227.jpg,7,2,2,
1351,79,7,M3,12,312237,M312237.jpg,7,2,3,
1352,80,8,M3,12,312247,M312247.jpg,7,2,4,
1353,81,9,M3,12,312317,M312317.jpg,7,3,1,
1354,82,10,M3,12,312327,M312327.jpg,7,3,2,
1355,83,11,M3,12,312337,M312337.jpg,7,3,3,
1356,84,12,M3,12,312347,M312347.jpg,7,3,4,
1357,85,1,M3,12,312118,M312118.jpg,8,1,1,
1358,86,2,M3,12,312128,M312128.jpg,8,1,2,
1359,87,3,M3,12,312138,M312138.jpg,8,1,3,
1360,88,4,M3,12,312148,M312148.jpg,8,1,4,
1361,89,5,M3,12,312218,M312218.jpg,8,2,1,
1362,90,6,M3,12,312228,M312228.jpg,8,2,2,
1363,91,7,M3,12,312238,M312238.jpg,8,2,3,
1364,92,8,M3,12,312248,M312248.jpg,8,2,4,
1365,93,9,M3,12,312318,M312318.jpg,8,3,1,
1366,94,10,M3,12,312328,M312328.jpg,8,3,2,
1367,95,11,M3,12,312338,M312338.jpg,8,3,3,
1368,96,12,M3,12,312348,M312348.jpg,8,3,4,
1369,97,1,M3,12,312119,M312119.jpg,9,1,1,
1370,98,2,M3,12,312129,M312129.jpg,9,1,2,
1371,99,3,M3,12,312139,M312139.jpg,9,1,3,
1372,100,4,M3,12,312149,M312149.jpg,9,1,4,
1373,101,5,M3,12,312219,M312219.jpg,9,2,1,
1374,102,6,M3,12,312229,M312229.jpg,9,2,2,
1375,103,7,M3,12,312239,M312239.jpg,9,2,3,
1376,104,8,M3,12,312249,M312249.jpg,9,2,4,
1377,105,9,M3,12,312319,M312319.jpg,9,3,1,
1378,106,10,M3,12,312329,M312329.jpg,9,3,2,
1379,107,11,M3,12,312339,M312339.jpg,9,3,3,
1380,108,12,M3,12,312349,M312349.jpg,9,3,4,
1381,109,1,M3,12,3121110,M3121110.jpg,10,1,1,
1382,110,2,M3,12,3121210,M3121210.jpg,10,1,2,
1383,111,3,M3,12,3121310,M3121310.jpg,10,1,3,
1384,112,4,M3,12,3121410,M3121410.jpg,10,1,4,
1385,113,5,M3,12,3122110,M3122110.jpg,10,2,1,
1386,114,6,M3,12,3122210,M3122210.jpg,10,2,2,
1387,115,7,M3,12,3122310,M3122310.jpg,10,2,3,
1388,116,8,M3,12,3122410,M3122410.jpg,10,2,4,
1389,117,9,M3,12,3123110,M3123110.jpg,10,3,1,
1390,118,10,M3,12,3123210,M3123210.jpg,10,3,2,
1391,119,11,M3,12,3123310,M3123310.jpg,10,3,3,
1392,120,12,M3,12,3123410,M3123410.jpg,10,3,4,
1393,121,1,M3,12,3121111,M3121111.jpg,11,1,1,
1394,122,2,M3,12,3121211,M3121211.jpg,11,1,2,
1395,123,3,M3,12,3121311,M3121311.jpg,11,1,3,
1396,124,4,M3,12,3121411,M3121411.jpg,11,1,4,
1397,125,5,M3,12,3122111,M3122111.jpg,11,2,1,
1398,126,6,M3,12,3122211,M3122211.jpg,11,2,2,
1399,127,7,M3,12,3122311,M3122311.jpg,11,2,3,
1400,128,8,M3,12,3122411,M3122411.jpg,11,2,4,
1401,129,9,M3,12,3123111,M3123111.jpg,11,3,1,
1402,130,10,M3,12,3123211,M3123211.jpg,11,3,2,
1403,131,11,M3,12,3123311,M3123311.jpg,11,3,3,
1404,132,12,M3,12,3123411,M3123411.jpg,11,3,4,
1405,133,1,M3,12,3121112,M3121112.jpg,12,1,1,
1406,134,2,M3,12,3121212,M3121212.jpg,12,1,2,
1407,135,3,M3,12,3121312,M3121312.jpg,12,1,3,
1408,136,4,M3,12,3121412,M3121412.jpg,12,1,4,
1409,137,5,M3,12,3122112,M3122112.jpg,12,2,1,
1410,138,6,M3,12,3122212,M3122212.jpg,12,2,2,
1411,139,7,M3,12,3122312,M3122312.jpg,12,2,3,
1412,140,8,M3,12,3122412,M3122412.jpg,12,2,4,
1413,141,9,M3,12,3123112,M3123112.jpg,12,3,1,
1414,142,10,M3,12,3123212,M3123212.jpg,12,3,2,
1415,143,11,M3,12,3123312,M3123312.jpg,12,3,3,
1416,144,12,M3,12,3123413,M3123413.jpg,13,3,4,
1417,145,1,M3,12,3121113,M3121113.jpg,13,1,1,
1418,146,2,M3,12,3121213,M3121213.jpg,13,1,2,
1419,147,3,M3,12,3121313,M3121313.jpg,13,1,3,
1420,148,4,M3,12,3121413,M3121413.jpg,13,1,4,
1421,149,5,M3,12,3122113,M3122113.jpg,13,2,1,
1422,150,6,M3,12,3122213,M3122213.jpg,13,2,2,
1423,151,7,M3,12,3122313,M3122313.jpg,13,2,3,
1424,152,8,M3,12,3122413,M3122413.jpg,13,2,4,
1425,153,9,M3,12,3123113,M3123113.jpg,13,3,1,
1426,154,10,M3,12,3123213,M3123213.jpg,13,3,2,
1427,155,11,M3,12,3123313,M3123313.jpg,13,3,3,
1428,156,12,M3,12,3123413,M3123413.jpg,13,3,4,
1429,1,1,T1,13,113111,T113111.jpg,1,1,1,
1430,2,2,T1,13,113121,T113121.jpg,1,1,2,
1431,3,3,T1,13,113131,T113131.jpg,1,1,3,
1432,4,4,T1,13,113141,T113141.jpg,1,1,4,
1433,5,5,T1,13,113211,T113211.jpg,1,2,1,
1434,6,6,T1,13,113221,T113221.jpg,1,2,2,
1435,7,7,T1,13,113231,T113231.jpg,1,2,3,
1436,8,8,T1,13,113241,T113241.jpg,1,2,4,
1437,9,9,T1,13,113311,T113311.jpg,1,3,1,
1438,10,10,T1,13,113321,T113321.jpg,1,3,2,
1439,11,11,T1,13,113331,T113331.jpg,1,3,3,
1440,12,12,T1,13,113341,T113341.jpg,1,3,4,
1441,13,1,T1,13,113112,T113112.jpg,2,1,1,
1442,14,2,T1,13,113122,T113122.jpg,2,1,2,
1443,15,3,T1,13,113132,T113132.jpg,2,1,3,
1444,16,4,T1,13,113142,T113142.jpg,2,1,4,
1445,17,5,T1,13,113212,T113212.jpg,2,2,1,
1446,18,6,T1,13,113222,T113222.jpg,2,2,2,
1447,19,7,T1,13,113232,T113232.jpg,2,2,3,
1448,20,8,T1,13,113242,T113242.jpg,2,2,4,
1449,21,9,T1,13,113312,T113312.jpg,2,3,1,
1450,22,10,T1,13,113322,T113322.jpg,2,3,2,
1451,23,11,T1,13,113332,T113332.jpg,2,3,3,
1452,24,12,T1,13,113342,T113342.jpg,2,3,4,
1453,25,1,T1,13,113113,T113113.jpg,3,1,1,
1454,26,2,T1,13,113123,T113123.jpg,3,1,2,
1455,27,3,T1,13,113133,T113133.jpg,3,1,3,
1456,28,4,T1,13,113143,T113143.jpg,3,1,4,
1457,29,5,T1,13,113213,T113213.jpg,3,2,1,
1458,30,6,T1,13,113223,T113223.jpg,3,2,2,
1459,31,7,T1,13,113233,T113233.jpg,3,2,3,
1460,32,8,T1,13,113243,T113243.jpg,3,2,4,
1461,33,9,T1,13,113313,T113313.jpg,3,3,1,
1462,34,10,T1,13,113323,T113323.jpg,3,3,2,
1463,35,11,T1,13,113333,T113333.jpg,3,3,3,
1464,36,12,T1,13,113343,T113343.jpg,3,3,4,
1465,37,1,T1,13,113114,T113114.jpg,4,1,1,
1466,38,2,T1,13,113124,T113124.jpg,4,1,2,
1467,39,3,T1,13,113134,T113134.jpg,4,1,3,
1468,40,4,T1,13,113144,T113144.jpg,4,1,4,
1469,41,5,T1,13,113214,T113214.jpg,4,2,1,
1470,42,6,T1,13,113224,T113224.jpg,4,2,2,
1471,43,7,T1,13,113234,T113234.jpg,4,2,3,
1472,44,8,T1,13,113244,T113244.jpg,4,2,4,
1473,45,9,T1,13,113314,T113314.jpg,4,3,1,
1474,46,10,T1,13,113324,T113324.jpg,4,3,2,
1475,47,11,T1,13,113334,T113334.jpg,4,3,3,
1476,48,12,T1,13,113344,T113344.jpg,4,3,4,
1477,49,1,T1,13,113115,T113115.jpg,5,1,1,
1478,50,2,T1,13,113125,T113125.jpg,5,1,2,
1479,51,3,T1,13,113135,T113135.jpg,5,1,3,
1480,52,4,T1,13,113145,T113145.jpg,5,1,4,
1481,53,5,T1,13,113215,T113215.jpg,5,2,1,
1482,54,6,T1,13,113225,T113225.jpg,5,2,2,
1483,55,7,T1,13,113235,T113235.jpg,5,2,3,
1484,56,8,T1,13,113245,T113245.jpg,5,2,4,
1485,57,9,T1,13,113315,T113315.jpg,5,3,1,
1486,58,10,T1,13,113325,T113325.jpg,5,3,2,
1487,59,11,T1,13,113335,T113335.jpg,5,3,3,
1488,60,12,T1,13,113346,T113346.jpg,6,3,4,
1489,61,1,T1,13,113116,T113116.jpg,6,1,1,
1490,62,2,T1,13,113126,T113126.jpg,6,1,2,
1491,63,3,T1,13,113136,T113136.jpg,6,1,3,
1492,64,4,T1,13,113146,T113146.jpg,6,1,4,
1493,65,5,T1,13,113216,T113216.jpg,6,2,1,
1494,66,6,T1,13,113226,T113226.jpg,6,2,2,
1495,67,7,T1,13,113236,T113236.jpg,6,2,3,
1496,68,8,T1,13,113246,T113246.jpg,6,2,4,
1497,69,9,T1,13,113316,T113316.jpg,6,3,1,
1498,70,10,T1,13,113326,T113326.jpg,6,3,2,
1499,71,11,T1,13,113336,T113336.jpg,6,3,3,
1500,72,12,T1,13,113346,T113346.jpg,6,3,4,
1501,73,1,T1,13,113117,T113117.jpg,7,1,1,
1502,74,2,T1,13,113127,T113127.jpg,7,1,2,
1503,75,3,T1,13,113137,T113137.jpg,7,1,3,
1504,76,4,T1,13,113147,T113147.jpg,7,1,4,
1505,77,5,T1,13,113217,T113217.jpg,7,2,1,
1506,78,6,T1,13,113227,T113227.jpg,7,2,2,
1507,79,7,T1,13,113237,T113237.jpg,7,2,3,
1508,80,8,T1,13,113247,T113247.jpg,7,2,4,
1509,81,9,T1,13,113317,T113317.jpg,7,3,1,
1510,82,10,T1,13,113327,T113327.jpg,7,3,2,
1511,83,11,T1,13,113337,T113337.jpg,7,3,3,
1512,84,12,T1,13,113347,T113347.jpg,7,3,4,
1513,85,1,T1,13,113118,T113118.jpg,8,1,1,
1514,86,2,T1,13,113128,T113128.jpg,8,1,2,
1515,87,3,T1,13,113138,T113138.jpg,8,1,3,
1516,88,4,T1,13,113148,T113148.jpg,8,1,4,
1517,89,5,T1,13,113218,T113218.jpg,8,2,1,
1518,90,6,T1,13,113228,T113228.jpg,8,2,2,
1519,91,7,T1,13,113238,T113238.jpg,8,2,3,
1520,92,8,T1,13,113248,T113248.jpg,8,2,4,
1521,93,9,T1,13,113318,T113318.jpg,8,3,1,
1522,94,10,T1,13,113328,T113328.jpg,8,3,2,
1523,95,11,T1,13,113338,T113338.jpg,8,3,3,
1524,96,12,T1,13,113348,T113348.jpg,8,3,4,
1525,97,1,T1,13,113119,T113119.jpg,9,1,1,
1526,98,2,T1,13,113129,T113129.jpg,9,1,2,
1527,99,3,T1,13,113139,T113139.jpg,9,1,3,
1528,100,4,T1,13,113149,T113149.jpg,9,1,4,
1529,101,5,T1,13,113219,T113219.jpg,9,2,1,
1530,102,6,T1,13,113229,T113229.jpg,9,2,2,
1531,103,7,T1,13,113239,T113239.jpg,9,2,3,
1532,104,8,T1,13,113249,T113249.jpg,9,2,4,
1533,105,9,T1,13,113319,T113319.jpg,9,3,1,
1534,106,10,T1,13,113329,T113329.jpg,9,3,2,
1535,107,11,T1,13,113339,T113339.jpg,9,3,3,
1536,108,12,T1,13,113349,T113349.jpg,9,3,4,
1537,109,1,T1,13,1131110,T1131110.jpg,10,1,1,
1538,110,2,T1,13,1131210,T1131210.jpg,10,1,2,
1539,111,3,T1,13,1131310,T1131310.jpg,10,1,3,
1540,112,4,T1,13,1131410,T1131410.jpg,10,1,4,
1541,113,5,T1,13,1132110,T1132110.jpg,10,2,1,
1542,114,6,T1,13,1132210,T1132210.jpg,10,2,2,
1543,115,7,T1,13,1132310,T1132310.jpg,10,2,3,
1544,116,8,T1,13,1132410,T1132410.jpg,10,2,4,
1545,117,9,T1,13,1133110,T1133110.jpg,10,3,1,
1546,118,10,T1,13,1133210,T1133210.jpg,10,3,2,
1547,119,11,T1,13,1133310,T1133310.jpg,10,3,3,
1548,120,12,T1,13,1133410,T1133410.jpg,10,3,4,
1549,1,1,P2,13,213111,P213111.jpg,1,1,1,
1550,2,2,P2,13,213121,P213121.jpg,1,1,2,
1551,3,3,P2,13,213131,P213131.jpg,1,1,3,
1552,4,4,P2,13,213141,P213141.jpg,1,1,4,
1553,5,5,P2,13,213211,P213211.jpg,1,2,1,
1554,6,6,P2,13,213221,P213221.jpg,1,2,2,
1555,7,7,P2,13,213231,P213231.jpg,1,2,3,
1556,8,8,P2,13,213241,P213241.jpg,1,2,4,
1557,9,9,P2,13,213311,P213311.jpg,1,3,1,
1558,10,10,P2,13,213321,P213321.jpg,1,3,2,
1559,11,11,P2,13,213331,P213331.jpg,1,3,3,
1560,12,12,P2,13,213341,P213341.jpg,1,3,4,
1561,13,1,P2,13,213112,P213112.jpg,2,1,1,
1562,14,2,P2,13,213122,P213122.jpg,2,1,2,
1563,15,3,P2,13,213132,P213132.jpg,2,1,3,
1564,16,4,P2,13,213142,P213142.jpg,2,1,4,
1565,17,5,P2,13,213212,P213212.jpg,2,2,1,
1566,18,6,P2,13,213222,P213222.jpg,2,2,2,
1567,19,7,P2,13,213232,P213232.jpg,2,2,3,
1568,20,8,P2,13,213242,P213242.jpg,2,2,4,
1569,21,9,P2,13,213312,P213312.jpg,2,3,1,
1570,22,10,P2,13,213322,P213322.jpg,2,3,2,
1571,23,11,P2,13,213332,P213332.jpg,2,3,3,
1572,24,12,P2,13,213342,P213342.jpg,2,3,4,
1573,25,1,P2,13,213113,P213113.jpg,3,1,1,
1574,26,2,P2,13,213123,P213123.jpg,3,1,2,
1575,27,3,P2,13,213133,P213133.jpg,3,1,3,
1576,28,4,P2,13,213143,P213143.jpg,3,1,4,
1577,29,5,P2,13,213213,P213213.jpg,3,2,1,
1578,30,6,P2,13,213223,P213223.jpg,3,2,2,
1579,31,7,P2,13,213233,P213233.jpg,3,2,3,
1580,32,8,P2,13,213243,P213243.jpg,3,2,4,
1581,33,9,P2,13,213313,P213313.jpg,3,3,1,
1582,34,10,P2,13,213323,P213323.jpg,3,3,2,
1583,35,11,P2,13,213333,P213333.jpg,3,3,3,
1584,36,12,P2,13,213343,P213343.jpg,3,3,4,
1585,37,1,P2,13,213114,P213114.jpg,4,1,1,
1586,38,2,P2,13,213124,P213124.jpg,4,1,2,
1587,39,3,P2,13,213134,P213134.jpg,4,1,3,
1588,40,4,P2,13,213144,P213144.jpg,4,1,4,
1589,41,5,P2,13,213214,P213214.jpg,4,2,1,
1590,42,6,P2,13,213224,P213224.jpg,4,2,2,
1591,43,7,P2,13,213234,P213234.jpg,4,2,3,
1592,44,8,P2,13,213244,P213244.jpg,4,2,4,
1593,45,9,P2,13,213314,P213314.jpg,4,3,1,
1594,46,10,P2,13,213324,P213324.jpg,4,3,2,
1595,47,11,P2,13,213334,P213334.jpg,4,3,3,
1596,48,12,P2,13,213344,P213344.jpg,4,3,4,
1597,49,1,P2,13,213115,P213115.jpg,5,1,1,
1598,50,2,P2,13,213125,P213125.jpg,5,1,2,
1599,51,3,P2,13,213135,P213135.jpg,5,1,3,
1600,52,4,P2,13,213145,P213145.jpg,5,1,4,
1601,53,5,P2,13,213215,P213215.jpg,5,2,1,
1602,54,6,P2,13,213225,P213225.jpg,5,2,2,
1603,55,7,P2,13,213235,P213235.jpg,5,2,3,
1604,56,8,P2,13,213245,P213245.jpg,5,2,4,
1605,57,9,P2,13,213315,P213315.jpg,5,3,1,
1606,58,10,P2,13,213325,P213325.jpg,5,3,2,
1607,59,11,P2,13,213335,P213335.jpg,5,3,3,
1608,60,12,P2,13,213346,P213346.jpg,6,3,4,
1609,61,1,P2,13,213116,P213116.jpg,6,1,1,
1610,62,2,P2,13,213126,P213126.jpg,6,1,2,
1611,63,3,P2,13,213136,P213136.jpg,6,1,3,
1612,64,4,P2,13,213146,P213146.jpg,6,1,4,
1613,65,5,P2,13,213216,P213216.jpg,6,2,1,
1614,66,6,P2,13,213226,P213226.jpg,6,2,2,
1615,67,7,P2,13,213236,P213236.jpg,6,2,3,
1616,68,8,P2,13,213246,P213246.jpg,6,2,4,
1617,69,9,P2,13,213316,P213316.jpg,6,3,1,
1618,70,10,P2,13,213326,P213326.jpg,6,3,2,
1619,71,11,P2,13,213336,P213336.jpg,6,3,3,
1620,72,12,P2,13,213346,P213346.jpg,6,3,4,
1621,73,1,P2,13,213117,P213117.jpg,7,1,1,
1622,74,2,P2,13,213127,P213127.jpg,7,1,2,
1623,75,3,P2,13,213137,P213137.jpg,7,1,3,
1624,76,4,P2,13,213147,P213147.jpg,7,1,4,
1625,77,5,P2,13,213217,P213217.jpg,7,2,1,
1626,78,6,P2,13,213227,P213227.jpg,7,2,2,
1627,79,7,P2,13,213237,P213237.jpg,7,2,3,
1628,80,8,P2,13,213247,P213247.jpg,7,2,4,
1629,81,9,P2,13,213317,P213317.jpg,7,3,1,
1630,82,10,P2,13,213327,P213327.jpg,7,3,2,
1631,83,11,P2,13,213337,P213337.jpg,7,3,3,
1632,84,12,P2,13,213347,P213347.jpg,7,3,4,
1633,85,1,P2,13,213118,P213118.jpg,8,1,1,
1634,86,2,P2,13,213128,P213128.jpg,8,1,2,
1635,87,3,P2,13,213138,P213138.jpg,8,1,3,
1636,88,4,P2,13,213148,P213148.jpg,8,1,4,
1637,89,5,P2,13,213218,P213218.jpg,8,2,1,
1638,90,6,P2,13,213228,P213228.jpg,8,2,2,
1639,91,7,P2,13,213238,P213238.jpg,8,2,3,
1640,92,8,P2,13,213248,P213248.jpg,8,2,4,
1641,93,9,P2,13,213318,P213318.jpg,8,3,1,
1642,94,10,P2,13,213328,P213328.jpg,8,3,2,
1643,95,11,P2,13,213338,P213338.jpg,8,3,3,
1644,96,12,P2,13,213348,P213348.jpg,8,3,4,
1645,97,1,P2,13,213119,P213119.jpg,9,1,1,
1646,98,2,P2,13,213129,P213129.jpg,9,1,2,
1647,99,3,P2,13,213139,P213139.jpg,9,1,3,
1648,100,4,P2,13,213149,P213149.jpg,9,1,4,
1649,101,5,P2,13,213219,P213219.jpg,9,2,1,
1650,102,6,P2,13,213229,P213229.jpg,9,2,2,
1651,103,7,P2,13,213239,P213239.jpg,9,2,3,
1652,104,8,P2,13,213249,P213249.jpg,9,2,4,
1653,105,9,P2,13,213319,P213319.jpg,9,3,1,
1654,106,10,P2,13,213329,P213329.jpg,9,3,2,
1655,107,11,P2,13,213339,P213339.jpg,9,3,3,
1656,108,12,P2,13,213349,P213349.jpg,9,3,4,
1657,109,1,P2,13,2131110,P2131110.jpg,10,1,1,
1658,110,2,P2,13,2131210,P2131210.jpg,10,1,2,
1659,111,3,P2,13,2131310,P2131310.jpg,10,1,3,
1660,112,4,P2,13,2131410,P2131410.jpg,10,1,4,
1661,113,5,P2,13,2132110,P2132110.jpg,10,2,1,
1662,114,6,P2,13,2132210,P2132210.jpg,10,2,2,
1663,115,7,P2,13,2132310,P2132310.jpg,10,2,3,
1664,116,8,P2,13,2132410,P2132410.jpg,10,2,4,
1665,117,9,P2,13,2133110,P2133110.jpg,10,3,1,
1666,118,10,P2,13,2133210,P2133210.jpg,10,3,2,
1667,119,11,P2,13,2133310,P2133310.jpg,10,3,3,
1668,120,12,P2,13,2133410,P2133410.jpg,10,3,4,
1669,1,1,M3,13,313111,M313111.jpg,1,1,1,
1670,2,2,M3,13,313121,M313121.jpg,1,1,2,
1671,3,3,M3,13,313131,M313131.jpg,1,1,3,
1672,4,4,M3,13,313141,M313141.jpg,1,1,4,
1673,5,5,M3,13,313211,M313211.jpg,1,2,1,
1674,6,6,M3,13,313221,M313221.jpg,1,2,2,
1675,7,7,M3,13,313231,M313231.jpg,1,2,3,
1676,8,8,M3,13,313241,M313241.jpg,1,2,4,
1677,9,9,M3,13,313311,M313311.jpg,1,3,1,
1678,10,10,M3,13,313321,M313321.jpg,1,3,2,
1679,11,11,M3,13,313331,M313331.jpg,1,3,3,
1680,12,12,M3,13,313341,M313341.jpg,1,3,4,
1681,13,1,M3,13,313112,M313112.jpg,2,1,1,
1682,14,2,M3,13,313122,M313122.jpg,2,1,2,
1683,15,3,M3,13,313132,M313132.jpg,2,1,3,
1684,16,4,M3,13,313142,M313142.jpg,2,1,4,
1685,17,5,M3,13,313212,M313212.jpg,2,2,1,
1686,18,6,M3,13,313222,M313222.jpg,2,2,2,
1687,19,7,M3,13,313232,M313232.jpg,2,2,3,
1688,20,8,M3,13,313242,M313242.jpg,2,2,4,
1689,21,9,M3,13,313312,M313312.jpg,2,3,1,
1690,22,10,M3,13,313322,M313322.jpg,2,3,2,
1691,23,11,M3,13,313332,M313332.jpg,2,3,3,
1692,24,12,M3,13,313342,M313342.jpg,2,3,4,
1693,25,1,M3,13,313113,M313113.jpg,3,1,1,
1694,26,2,M3,13,313123,M313123.jpg,3,1,2,
1695,27,3,M3,13,313133,M313133.jpg,3,1,3,
1696,28,4,M3,13,313143,M313143.jpg,3,1,4,
1697,29,5,M3,13,313213,M313213.jpg,3,2,1,
1698,30,6,M3,13,313223,M313223.jpg,3,2,2,
1699,31,7,M3,13,313233,M313233.jpg,3,2,3,
1700,32,8,M3,13,313243,M313243.jpg,3,2,4,
1701,33,9,M3,13,313313,M313313.jpg,3,3,1,
1702,34,10,M3,13,313323,M313323.jpg,3,3,2,
1703,35,11,M3,13,313333,M313333.jpg,3,3,3,
1704,36,12,M3,13,313343,M313343.jpg,3,3,4,
1705,37,1,M3,13,313114,M313114.jpg,4,1,1,
1706,38,2,M3,13,313124,M313124.jpg,4,1,2,
1707,39,3,M3,13,313134,M313134.jpg,4,1,3,
1708,40,4,M3,13,313144,M313144.jpg,4,1,4,
1709,41,5,M3,13,313214,M313214.jpg,4,2,1,
1710,42,6,M3,13,313224,M313224.jpg,4,2,2,
1711,43,7,M3,13,313234,M313234.jpg,4,2,3,
1712,44,8,M3,13,313244,M313244.jpg,4,2,4,
1713,45,9,M3,13,313314,M313314.jpg,4,3,1,
1714,46,10,M3,13,313324,M313324.jpg,4,3,2,
1715,47,11,M3,13,313334,M313334.jpg,4,3,3,
1716,48,12,M3,13,313344,M313344.jpg,4,3,4,
1717,49,1,M3,13,313115,M313115.jpg,5,1,1,
1718,50,2,M3,13,313125,M313125.jpg,5,1,2,
1719,51,3,M3,13,313135,M313135.jpg,5,1,3,
1720,52,4,M3,13,313145,M313145.jpg,5,1,4,
1721,53,5,M3,13,313215,M313215.jpg,5,2,1,
1722,54,6,M3,13,313225,M313225.jpg,5,2,2,
1723,55,7,M3,13,313235,M313235.jpg,5,2,3,
1724,56,8,M3,13,313245,M313245.jpg,5,2,4,
1725,57,9,M3,13,313315,M313315.jpg,5,3,1,
1726,58,10,M3,13,313325,M313325.jpg,5,3,2,
1727,59,11,M3,13,313335,M313335.jpg,5,3,3,
1728,60,12,M3,13,313346,M313346.jpg,6,3,4,
1729,61,1,M3,13,313116,M313116.jpg,6,1,1,
1730,62,2,M3,13,313126,M313126.jpg,6,1,2,
1731,63,3,M3,13,313136,M313136.jpg,6,1,3,
1732,64,4,M3,13,313146,M313146.jpg,6,1,4,
1733,65,5,M3,13,313216,M313216.jpg,6,2,1,
1734,66,6,M3,13,313226,M313226.jpg,6,2,2,
1735,67,7,M3,13,313236,M313236.jpg,6,2,3,
1736,68,8,M3,13,313246,M313246.jpg,6,2,4,
1737,69,9,M3,13,313316,M313316.jpg,6,3,1,
1738,70,10,M3,13,313326,M313326.jpg,6,3,2,
1739,71,11,M3,13,313336,M313336.jpg,6,3,3,
1740,72,12,M3,13,313346,M313346.jpg,6,3,4,
1741,73,1,M3,13,313117,M313117.jpg,7,1,1,
1742,74,2,M3,13,313127,M313127.jpg,7,1,2,
1743,75,3,M3,13,313137,M313137.jpg,7,1,3,
1744,76,4,M3,13,313147,M313147.jpg,7,1,4,
1745,77,5,M3,13,313217,M313217.jpg,7,2,1,
1746,78,6,M3,13,313227,M313227.jpg,7,2,2,
1747,79,7,M3,13,313237,M313237.jpg,7,2,3,
1748,80,8,M3,13,313247,M313247.jpg,7,2,4,
1749,81,9,M3,13,313317,M313317.jpg,7,3,1,
1750,82,10,M3,13,313327,M313327.jpg,7,3,2,
1751,83,11,M3,13,313337,M313337.jpg,7,3,3,
1752,84,12,M3,13,313347,M313347.jpg,7,3,4,
1753,85,1,M3,13,313118,M313118.jpg,8,1,1,
1754,86,2,M3,13,313128,M313128.jpg,8,1,2,
1755,87,3,M3,13,313138,M313138.jpg,8,1,3,
1756,88,4,M3,13,313148,M313148.jpg,8,1,4,
1757,89,5,M3,13,313218,M313218.jpg,8,2,1,
1758,90,6,M3,13,313228,M313228.jpg,8,2,2,
1759,91,7,M3,13,313238,M313238.jpg,8,2,3,
1760,92,8,M3,13,313248,M313248.jpg,8,2,4,
1761,93,9,M3,13,313318,M313318.jpg,8,3,1,
1762,94,10,M3,13,313328,M313328.jpg,8,3,2,
1763,95,11,M3,13,313338,M313338.jpg,8,3,3,
1764,96,12,M3,13,313348,M313348.jpg,8,3,4,
1765,97,1,M3,13,313119,M313119.jpg,9,1,1,
1766,98,2,M3,13,313129,M313129.jpg,9,1,2,
1767,99,3,M3,13,313139,M313139.jpg,9,1,3,
1768,100,4,M3,13,313149,M313149.jpg,9,1,4,
1769,101,5,M3,13,313219,M313219.jpg,9,2,1,
1770,102,6,M3,13,313229,M313229.jpg,9,2,2,
1771,103,7,M3,13,313239,M313239.jpg,9,2,3,
1772,104,8,M3,13,313249,M313249.jpg,9,2,4,
1773,105,9,M3,13,313319,M313319.jpg,9,3,1,
1774,106,10,M3,13,313329,M313329.jpg,9,3,2,
1775,107,11,M3,13,313339,M313339.jpg,9,3,3,
1776,108,12,M3,13,313349,M313349.jpg,9,3,4,
1777,109,1,M3,13,3131110,M3131110.jpg,10,1,1,
1778,110,2,M3,13,3131210,M3131210.jpg,10,1,2,
1779,111,3,M3,13,3131310,M3131310.jpg,10,1,3,
1780,112,4,M3,13,3131410,M3131410.jpg,10,1,4,
1781,113,5,M3,13,3132110,M3132110.jpg,10,2,1,
1782,114,6,M3,13,3132210,M3132210.jpg,10,2,2,
1783,115,7,M3,13,3132310,M3132310.jpg,10,2,3,
1784,116,8,M3,13,3132410,M3132410.jpg,10,2,4,
1785,117,9,M3,13,3133110,M3133110.jpg,10,3,1,
1786,118,10,M3,13,3133210,M3133210.jpg,10,3,2,
1787,119,11,M3,13,3133310,M3133310.jpg,10,3,3,
1788,120,12,M3,13,3133410,M3133410.jpg,10,3,4,
